user_id,total_posts,avg_3_month_posts
1098839071,435,23.93031784841076
381556563,831,34.44956241363427
210837394,497,20.612903225806452
385140853,1888,107.54430379746834
35041247,151,6.335664335664336
77647774,682,28.337950138504155
15702055,780,32.48496066635816
1551273402,117,5.230998509687034
182900961,773,32.163661581137305
264958959,102,4.2757335817419655
296545757,95,4.6568627450980395
465195901,73,3.3232169954476483
349609929,151,6.297497683039852
215349619,752,31.969768540387342
109700713,201,8.520960904380594
2757925944,198,8.26530612244898
597148844,178,7.876106194690265
2555590716,776,34.55714992577931
61313053,78,3.2469935245143384
1064487900,85,3.755522827687776
26474384,302,12.577510411846367
104309454,50,2.3646873357856015
265765654,74,3.267909715407262
34621886,379,15.909514925373134
630113,78,3.2696786213320914
36657753,425,17.73296244784423
161605065,123,5.1368909512761025
2773510709,213,8.941231343283581
1314853351,1337,56.30790828263922
237961766,1421,59.8455779129621
46641144,823,45.35823637477036
1696643696,238,10.023397285914834
150754713,427,18.42281879194631
540149476,314,13.298823529411765
555167290,32,1.6080402010050252
431047852,305,13.409868099658036
3027218243,141,6.0028382213812685
2790661604,436,19.768261964735515
2187447380,9,0.6881903143585387
20014516,238,10.05161895823557
100227232,252,10.662905500705218
3007363950,356,15.021097046413503
29447432,61,2.6991150442477876
1953192330,3244,154.31289640591967
32886832,40,1.8759770713913495
2427952998,251,11.996813595326607
54078730,188,9.624573378839589
707042688,178,7.59601706970128
253467403,188,8.150289017341041
2236795046,182,8.161434977578475
424715216,79,4.421641791044776
2177416516,212,9.02554399243141
369621370,337,14.574723690533396
3103307417,282,18.15450643776824
295902680,140,5.988593155893536
1084422662,36,1.6047548291233285
1551943387,180,7.871720116618076
185008554,74,3.197311569851176
65679214,17,2.0454545454545454
389249918,436,18.72137404580153
350589726,12,0.5204819277108433
309335755,50,2.3498694516971277
22869272,73,3.37442218798151
157525526,442,19.00621118012422
154973097,855,49.80582524271844
472754614,456,20.52
637139609,293,14.723618090452263
26525071,115,5.193176116407425
16055414,77,3.6531365313653135
15137295,462,20.038554216867468
20747698,1205,52.13942307692308
1401669068,189,8.277372262773723
3138875367,314,13.671988388969522
27367009,74,4.757142857142857
3172371804,220,9.546769527483125
1440107509,1262,54.76374156219865
898848703,258,12.850027670171555
449280435,106,5.238879736408567
30063545,511,22.20666344760985
2580756900,13,0.7964601769911505
790993424,256,11.173617846750727
1831158764,302,13.239162201656114
284868921,343,15.021897810218979
208153959,588,25.664403491755575
32932451,27,1.221105527638191
1167986095,195,8.511154219204656
2179058990,584,25.47746000969462
21605693,876,38.234723569350145
881147725,449,28.17991631799163
370922507,332,14.547224926971762
1517592720,479,22.59433962264151
200628851,293,12.863414634146341
3031245040,329,14.643916913946589
2689952317,73,3.2508659079663533
386718526,81,4.142045454545454
35356183,291,12.825661116552398
3047687094,116,5.392561983471074
35613185,260,11.688311688311689
49721957,145,6.397058823529411
2460207601,116,5.562067128396378
954811484,66,2.9203539823008846
134215715,225,10.196374622356496
3290107211,361,15.90308370044053
578586335,55,2.6121372031662267
1304964218,11,0.5527638190954774
2828358955,119,8.814814814814815
15287751,58,2.7692307692307696
2477668334,327,15.771704180064308
1335304430,141,6.402623612512613
194508565,673,29.940682155215026
2494465918,6,0.8463949843260189
2779082327,142,6.317350469599605
167187745,503,22.84056508577195
815590266,245,10.932077342588002
708005461,97,4.3389662027833005
34836144,296,13.557251908396948
3186302868,175,7.812500000000001
2395426440,298,13.277227722772277
2881392526,278,15.6375
324553836,442,19.7223599405057
2985842312,176,8.00808897876643
216076901,37,2.2668481960517357
67406406,139,6.208436724565757
264547297,139,6.379398266190719
17143243,518,23.182496270512182
3247540358,26,1.21875
45508486,231,10.353585657370518
1040846460,103,4.655951783023606
37976969,206,9.237668161434977
930876638,47,6.3993948562783665
74337877,542,24.377811094452774
159558398,265,12.125063548551093
15811630,535,24.195979899497488
858870307,110,6.622073578595318
632530379,44,2.028688524590164
589603276,319,14.906542056074768
793002462,17,0.9870967741935485
146404387,144,6.5125628140703515
268268528,507,23.890052356020945
284883182,51,2.4664159054271897
3350648033,87,6.86842105263158
1536378960,15,1.967930029154519
601690137,91,8.23943661971831
376891893,246,11.159274193548388
907734912,349,16.850858369098713
572477360,96,4.3680485338725985
3228442454,1037,47.112569409389195
18573621,791,36.302906680265174
3399605067,104,4.760935910478128
1862057935,183,9.29983060417843
2813889512,283,13.775013520822066
613046549,9,0.7925636007827789
442232821,96,5.475285171102661
175332975,15,1.991150442477876
2960576608,169,7.942558746736292
613927156,41,1.8903688524590163
843015384,137,6.287608363080062
2451874196,27,1.4963054187192117
2389764483,110,5.524553571428571
318647766,322,14.892086330935252
139142263,192,8.807339449541285
176989097,55,2.648475120385233
3298749072,61,2.8284389489953634
4191131,278,12.850539291217258
175463843,12,1.514726507713885
3220775678,679,31.210418794688458
1518024697,129,6.238581407845245
18280907,80,3.6942021549512574
72309705,128,5.944272445820433
611010956,142,6.7405063291139244
3196072404,194,9.199157007376186
2764408751,154,7.196261682242991
348310866,112,5.730528709494031
2379908211,120,21.135029354207436
2262023108,460,21.2853470437018
16969551,95,4.420889348500517
2563792416,63,3.888888888888889
129129239,168,14.413727359389895
1144541623,173,8.067357512953368
167283308,207,9.637868598034144
355772701,87,4.06964656964657
487624421,666,30.944759938048527
175491628,324,15.093167701863354
2383447879,853,54.796573875803
383129920,93,4.379905808477237
91154385,56,2.94049008168028
2363188861,67,3.1438998957247133
1327286130,93,4.409905163329821
47249807,67,3.559622195985832
3734616137,334,15.599377270368448
554911750,150,7.397260273972602
1076727110,566,26.503642039542147
3325567263,155,7.246753246753246
36520901,221,10.625
203672502,154,7.2
494520666,31,1.9469644103279833
1284523843,130,6.122448979591836
963245000,181,8.715890850722312
327442777,141,6.848354020507285
216042190,128,6.157135221806521
3357174604,240,11.57556270096463
1956923100,203,10.016447368421053
39182300,501,23.594976452119308
46962454,563,26.445720250521923
612721636,142,7.033571821684094
491540408,813,38.79639448568399
3753406218,428,20.12539184952978
399681920,208,9.873417721518987
211248745,39,3.31758034026465
81857276,54,2.627027027027027
2511452736,368,17.45914602003163
3865901727,139,7.252173913043478
467586819,4413,208.05133577789417
89750080,56,2.7450980392156863
3074936545,450,21.22641509433962
487905477,54,2.8108733371891264
1356720895,655,31.091772151898734
2690991930,79,7.102897102897103
429464561,92,4.978953698135899
2980554797,140,6.61764705882353
43960608,111,5.397082658022691
82056281,225,10.629921259842519
954967927,31,1.537190082644628
2241906138,153,7.232142857142858
14277865,530,25.05252100840336
74570982,169,8.009478672985782
1047479935,536,25.37611783271962
49859700,650,30.773277222514466
63918678,262,12.766648619382783
19160145,422,19.96845425867508
809169535,69,3.665879574970484
3938648429,148,11.017369727047146
414110498,36,1.7695248498088476
1614333372,536,26.203150461705594
3870931706,66,3.2004310344827585
20388326,467,22.94213973799127
235254285,185,8.851674641148326
196679747,753,36.124733475479744
173111183,1305,62.24165341812401
2833096669,276,13.13590692755156
2588018491,266,12.754395311667555
366458836,32,3.0157068062827226
40232924,15,0.7657402155416904
2986491675,19,0.9238249594813615
3378901510,59,5.765472312703584
430994670,445,21.33724027703783
418442640,918,44.63533225283631
131230031,284,13.624733475479744
2834686365,701,34.02912621359223
2420944195,91,4.3726641751201285
59596937,513,24.571580627993615
877905528,98,4.7598488936859145
219403033,20,0.9600000000000001
19301813,743,35.6259989344699
3300028207,29,3.7339055793991416
3237674562,290,14.00214592274678
494442510,48,2.7221172022684312
937945442,701,37.80107849011384
2382504613,3,0.3648648648648649
1384385869,232,11.195710455764075
98074660,147,7.190217391304349
3000662025,109,5.459098497495827
106466909,48,2.6071213035606515
123148733,18,0.8910891089108911
471736195,12,0.592755214050494
65180784,118,5.7312466270912035
1006508196,128,6.354109211252068
2546038383,769,37.07016604177826
106843078,144,6.986522911051213
577908655,20,0.968783638320775
3212860373,138,6.9038354641467485
4276480398,135,7.395009129640901
3424431743,105,5.091594827586206
2186895650,422,20.529729729729727
4191224386,1126,54.33780160857909
3161490379,409,19.94041170097508
18142845,292,14.121440085975282
524882602,197,9.522019334049409
566687021,33,1.7605216360403084
534831155,58,3.0997624703087885
557335047,520,25.22911051212938
26903950,230,11.21951219512195
852796057,217,11.153626499143346
3632338933,18,0.9353348729792148
490885696,406,19.69811320754717
22669007,135,6.697905181918412
1301729126,26,1.3072625698324023
106530651,88,8.241415192507805
2441920559,85,4.273743016759776
4267007723,92,5.191222570532916
61975002,329,16.101141924959215
2866423990,299,16.133093525179856
2783217359,284,13.816216216216215
36630475,17,1.185127807900852
631575473,36,1.7811984606926883
1516951,82,4.026186579378068
4273358233,626,31.00715465052284
1581222114,48,2.359366466411797
523596359,79,3.9325221238938055
2322897354,28,1.4326321773735078
173648320,806,39.423913043478265
2248306556,90,4.428649535265172
2280347235,224,10.950570342205323
2857519574,539,26.609983543609435
836823020,19,1.204225352112676
2379146273,32,1.6705336426914155
2571843746,618,30.294117647058826
485272452,268,13.245469522240526
1921178473,84,4.174489232468249
2312880636,281,15.089498806682576
2384447125,184,9.256567915036333
3013440714,8,0.6943105110896818
544833381,493,24.272428884026258
331926598,18,1.1739130434782608
1894218187,92,4.534501642935378
242428202,776,38.22660098522167
29629608,70,3.450164293537788
541023270,84,4.53781512605042
87940381,119,20.796116504854368
177507438,220,11.006114508060035
458408564,24,1.296518607442977
559262276,207,10.258810572687224
774770779,237,12.050847457627118
536980016,133,6.57331136738056
75493854,50,6.5982404692082115
944628589,63,3.15
2971585607,993,50.778409090909086
2237458437,106,5.7539203860072385
310613758,297,14.686813186813188
3293986291,90,4.589235127478753
535775035,50,3.709810387469085
21091639,254,12.581177765547606
705846223,156,12.833638025594151
484051464,108,7.115666178623719
5943512,1475,74.28651371012872
94710239,78,3.9305711086226203
1419053035,17,1.1796453353893601
763375106,103,5.138580931263858
607535485,50,2.9663810151615033
30229746,80,4.955264969029593
568742199,61,3.0298013245033113
1028784558,22,1.1142374788970175
4763097196,143,7.15
138535826,111,5.519337016574585
2480319290,380,18.874172185430464
2172054907,78,3.8913525498891355
4017660740,66,16.875
3294948416,47,2.4380403458213253
404440214,78,5.02505368647101
4764483808,49,2.5895478567234296
4819411930,461,23.024417314095448
94660353,309,15.458588104502503
2196307595,88,5.106382978723404
567380057,721,35.970066518847005
986638848,170,8.48585690515807
562802192,267,13.409598214285714
24911997,25,1.2893982808022921
66996670,81,8.45707656612529
68437379,2373,118.51831298557158
1733664373,347,17.417735638594536
2305622660,411,20.676355505869203
595255623,1516,76.26607043040805
380731529,60,3.075170842824601
1018822808,94,4.779661016949152
3645716603,21,1.255813953488372
3222715343,33,2.3441199684293608
2267643181,100,5.148741418764303
398112959,321,16.386840612592174
569839774,49,2.494343891402715
98145513,97,5.415632754342432
19824360,88,4.441951766685362
3091864427,328,17.415929203539825
166667615,293,14.723618090452263
601141416,67,3.4735023041474657
913334030,20,1.2362637362637363
37697282,43,2.3454545454545457
3017659716,17,1.5822130299896588
14752831,109,5.641173087981598
72979368,119,5.989932885906041
4756579490,125,13.282172373081464
995890363,80,4.051772650534609
205001181,47,2.6620516047828824
956839339,436,22.00785193494111
4825604960,1418,71.65637282425604
1666561500,69,3.6209912536443145
2192692559,128,6.624496837262795
3552652212,804,40.515117581187006
4861931665,224,11.422096317280454
1315750620,177,8.964546989307822
34587284,16,0.9195402298850576
401181813,36,1.8503712164477442
719254368,181,9.378238341968911
843429385,24,1.2175873731679818
21576649,25,1.3820638820638822
2895005000,110,5.552439708356703
489879506,105,11.496350364963504
222083657,224,13.448965977318213
294066064,188,9.52166572875633
1695309060,57,2.904869762174405
4674543793,319,16.147356580427445
3044859462,609,30.809443507588533
3458070809,862,43.95467422096317
102245788,1177,59.746192893401016
81358312,185,9.508852084523129
375854241,45,2.430972388955582
34420511,99,5.053885422575156
2946160941,546,37.59755164498852
3121396916,113,5.771850170261066
293538857,450,22.84263959390863
174923553,204,10.372881355932202
3095640923,204,10.36117381489842
302230188,238,12.101694915254237
451510746,282,14.412265758091994
4116471538,882,44.97450424929178
15407104,90,10.478654592496767
703808018807459842,172,21.833568406205924
3403737345,37,1.9599764567392586
3412537511,1,1.0
783883141,60,3.402646502835539
539631888,21,2.4803149606299213
787819598,105,5.431034482758621
16438662,361,18.47072200113701
1755514050,165,8.77659574468085
704846219030335488,656,33.795077275329135
2469288146,85,4.432213209733488
3529358299,90,4.671280276816609
36255185,19,1.8627450980392157
70291332,68,4.935483870967742
710041666351136768,43,3.961105424769703
14210530,96,4.979827089337175
2805746541,129,6.710982658959538
4053839173,157,16.411149825783973
704120290905821184,180,12.826603325415677
362577318,59,3.143872113676732
713160696284913664,105,13.597122302158272
1068917202,71,3.7990487514863256
3255758347,34,4.5
79319128,229,11.982558139534884
2243720766,10,1.2517385257301807
16352751,1579,82.19201850780797
429827794,673,35.882701421800945
47276646,8,0.41982507288629733
356447876,100,5.294117647058823
178867226,124,6.541617819460726
3321850663,68,3.604240282685512
506824672,86,4.5771732702542876
55301881,426,22.672974571259612
574894484,36,2.3109843081312413
2561432306,82,6.820702402957486
600251551,172,9.068541300527242
3188054564,824,43.75221238938053
2763624016,280,14.867256637168143
41835044,40,2.1226415094339623
920268836,324,16.9732246798603
285782574,23,2.4069767441860463
28140259,73,4.163498098859315
23856013,483,29.67235494880546
75551388,173,9.11592505854801
4867521581,23,1.3218390804597702
4852866025,141,7.486725663716815
4113798281,219,11.54657293497364
300111118,470,24.722384570426648
2865764429,35,1.8805970149253732
2497308018,887,58.39795171909291
20421361,182,9.987804878048781
1029273152,20,1.073345259391771
2225683430,17,0.9227985524728589
715372727050248192,712,40.40353089533417
703385410777583616,87,4.73397823458283
726802330956476417,261,61.81578947368421
16867664,563,29.858573954036537
92651257,288,15.310100413467218
1061515062,167,12.483388704318937
1521956090,108,5.710928319623972
726475884014780417,539,46.2
959013960,189,17.446153846153845
53170893,126,6.670588235294118
1955397608,22,1.3306451612903225
160213446,70,3.836784409257004
536675390,178,9.513064133016627
727521006399578113,469,24.90265486725664
214805795,318,16.88495575221239
3941443458,801,64.65470852017937
184737141,265,14.079102715466352
319823126,25,2.9296875
346750848,603,32.03659976387249
633661565,44,2.512690355329949
3147275873,2834,243.61031518624642
1608491822,266,16.544574982722875
1557008971,163,9.918864097363082
198419080,6287,336.4030915576694
842165660,1687,90.0
2652151586,548,29.3048128342246
457198707,930,49.85110184633711
247182000,145,7.875678937839469
376910744,657,37.04887218045113
1636689816,185,9.893048128342246
32110457,36,2.0916720464816008
721123936940007425,49,2.914738929279577
15418207,710,37.967914438502675
2718241163,111,5.964179104477612
14175549,516,27.609988109393576
274102098,24,1.3855035279025016
22028259,156,8.677379480840544
4472729489,430,23.06317044100119
19811450,27,1.4542190305206464
822761898,204,12.039344262295083
11552632,263,14.216216216216216
2248395358,466,24.979154258487196
74329675,437,23.607442977190875
615729016,8,0.6132879045996593
712452199,29,2.103142626913779
256809489,66,3.5826296743063937
244321574,24,2.457337883959044
191419760,1645,88.49372384937239
95489255,317,17.043010752688172
568661926,87,4.7569866342648846
351498933,207,11.429447852760736
44002893,769,41.418312387791744
2306464127,105,5.765710799267846
127303878,203,11.032608695652176
364861760,21,1.165946946329426
2362243157,42,3.6276391554702494
1144228332,56,3.58974358974359
2194997045,210,11.34453781512605
1680124832,728,39.351351351351354
342760764,2905,258.86138613861385
2565924854,1988,108.30508474576271
291734467,7354,608.3272058823529
530938788,20,1.1741682974559686
43497743,1890,129.05918057663126
122321176,542,29.262147570485904
727558548540956672,2368,127.92316926770707
250964031,386,20.95295536791315
298354826,6,0.7049608355091384
9692252,129,7.242669993761697
180688327,109,6.445466491458607
553184057,669,36.14045618247299
153202948,749,40.486486486486484
14737588,82,4.472727272727273
23974741,196,10.594594594594595
571859494,32,1.7359855334538878
24252158,600,32.432432432432435
2415254218,146,7.910897049969898
2428584668,92,5.0
124306018,43,2.406716417910448
728224259324186624,297,16.23936816524909
16683497,398,22.002457002457003
2906394326,34,1.881918819188192
43283867,74,4.106041923551172
2863553749,491,26.556490384615387
394987992,170,9.31223371880706
1591800534,307,21.20491174213354
498328489,127,6.927272727272728
740109936852619264,1900,102.82621767889357
81735779,99,5.36101083032491
3698134042,167,17.45644599303136
35151484,146,10.520416333066454
2526077268,99,6.346153846153847
248222648,130,7.065217391304349
119945969,26,1.6774193548387097
3325495978,25,1.6968325791855206
2360089604,83,4.546561168594035
22644848,709,38.5558912386707
2718199390,45,2.826238660153524
3068927647,29,2.6363636363636362
123729170,453,24.664246823956443
735462980427472897,240,13.619167717528372
2148686335,29,3.5175202156334238
63913384,289,15.659241420830824
3254218506,144,7.807228915662651
14594204,617,33.492159227985525
407227674,56,3.4544208361891706
452646742,68,4.371428571428572
20536785,277,15.027124773960217
713092364,446,24.283121597096187
2774098764,153,8.38611449451888
1023294878,72,4.5
34704201,168,10.086724482988659
46372472,223,13.803301237964238
33217691,1879,102.05793602896802
257094677,46,2.7094240837696333
30585298,40,2.2415940224159403
239649694,121,6.632155907429964
744502666047393792,1704,92.77676950998185
716071970425581571,31,6.595744680851063
94419931,63,3.474264705882353
43047860,214,11.729598051157126
706258631860363267,42,6.762075134168157
19946352,79,4.340659340659341
478953457,245,13.494492044063648
192656464,158,8.654899573950091
26601993,65,3.5845588235294117
703288398782435328,28,2.268226822682268
49948025,108,5.9016393442622945
2674178879,44,2.753824756606398
1205697992,276,15.390334572490707
97331023,42,2.71356783919598
70055947,24,1.5461703650680028
743234785116590080,10,0.6828528072837633
6582382,250,13.719512195121952
2884708645,239,13.212530712530713
705902519868907521,627,34.61963190184049
695970577350336514,161,8.922413793103448
73861854,60,3.3834586466165413
743069016151883777,61,3.3743085433312845
423834493,75,4.156403940886699
58539509,79,4.424393279402614
4647780354,34,1.962796664528544
35251412,110,6.179775280898876
24945622,73,4.10368519675203
2864292256,631,34.73394495412844
237507581,100,5.524861878453038
614700406,112,6.343612334801763
34626533,30,1.8620689655172413
744631682339332101,1578,86.9155446756426
1948408909,58,3.3079847908745244
2904814125,142,7.982510930668333
751762776612220929,107,6.402925531914893
3467742074,141,7.891791044776119
121697707,15,1.2593283582089552
2236359012,21,2.207943925233645
4655886732,260,14.597629444791018
754494523208720384,254,14.32330827067669
1129191344,158,11.066147859922179
740530395331080192,158,8.75076923076923
147523871,9,0.5955882352941176
2236692139,159,9.039797852179406
902544186,26,3.588957055214724
149606187,1559,86.98698078115314
622938697,30,2.906350914962325
747286307076866053,56,4.632352941176471
2543347799,38,2.1388367729831144
753607825343950848,76,4.259028642590287
3436834395,76,4.3706070287539935
1466279167,856,47.79156327543424
977562577,39,3.007712082262211
129019135,157,15.408942202835334
306270116,580,32.442510876320696
2744106825,542,30.20433436532508
858379591,120,6.712243629583593
1677569143,439,24.586185438705666
31113945,145,8.151155527795128
224130628,15,0.9394572025052192
9045182,26,1.4661654135338344
2189753922,20,1.1650485436893203
3774637392,16,1.0329985652797704
193752832,26,1.8765036086607858
3182015373,83,5.909810126582278
762781910539972610,257,40.43706293706294
730005030967742465,167,9.536802030456851
1232475223,13,0.7344632768361582
162587120,68,3.834586466165413
866890076,21,1.5441176470588236
34792387,492,27.761755485893417
2430239216,155,11.268174474959611
765058520547024896,308,18.72972972972973
724297113077575681,37,2.2855181880576527
1832042732,51,2.980519480519481
962257614,18,1.0602094240837696
739110185399164928,234,13.203761755485894
751190227897683968,130,16.810344827586206
72802290,221,12.660725652450669
764050065191215104,274,15.667090216010166
533474501,79,8.777777777777779
2739430575,62,3.907563025210084
34691711,118,6.900584795321637
4190979617,29,3.0208333333333335
767483773218754561,272,15.40591567023285
3014331255,13,0.8429394812680115
870231684,115,6.513530522341095
769126157879042048,451,39.33139534883721
272708128,252,14.309148264984227
262846850,45,2.6045016077170415
718397534,65,3.697850821744627
8561102,646,37.55813953488372
2357208710,256,14.563843236409607
52993629,99,5.624999999999999
3955013292,119,6.787072243346007
50060846,249,14.165613147914032
114134440,327,18.69758576874206
254719294,121,8.054733727810651
1954360910,599,34.20685279187817
285021929,106,6.115384615384616
560230584,31,1.7782026768642447
1467374635,474,27.102922490470142
741905577643773952,163,9.507453013609851
37205074,129,7.404336734693878
2529004681,130,7.419150285351934
772244083104505856,112,6.706586826347306
717762134684385282,8,0.5678233438485805
756246387356950528,1035,60.92217135382604
1049658445,234,13.818897637795276
53974188,56,4.207011686143573
1148850734,11,1.1
2499229763,466,26.64548919949174
2943193984,477,27.82242384964355
457824626,121,7.025806451612904
363531541,336,19.236641221374047
28180346,81,4.8023715415019765
328264070,117,7.168141592920354
356543852,234,17.535387177352206
320212347,55,4.008097165991903
775122322298540032,180,10.526315789473683
4092215200,50,3.1098825155494123
3269333400,7,0.5625
328681350,13,0.975
2597393071,117,6.877857609405616
331739158,82,7.884615384615384
85655411,210,12.787550744248986
1885105814,476,28.56
16421713,23,1.4005412719891748
174071546,223,12.824281150159743
244564384,824,47.59948652118101
2741124970,28,1.640625
2429936205,104,6.00384862091084
71001197,36,2.3632385120350112
4674942488,87,5.502459592410401
854433997,356,20.525304292120435
1566664903,47,3.1333333333333333
2487698315,643,37.02495201535508
251478824,109,6.349514563106796
476302158,198,11.511627906976745
761186980940185600,527,30.384368994234464
3234775951,290,16.795366795366796
725740070926454784,97,9.53056768558952
978801150,905,52.95838751625488
438300188,974,56.6645119586296
2386417040,56,3.5948644793152638
707395710480748544,80,59.01639344262295
14896176,89,5.336442371752166
71313340,24,2.468571428571429
407295148,55,3.944223107569721
32401693,313,18.115755627009644
32156169,30,1.7999999999999998
2843928986,61,5.392927308447937
767374983324700672,46,3.0734966592427617
77848069,176,10.574098798397863
779869106514251776,42,2.8145941921072226
462367406,22,1.4776119402985075
100866330,328,19.094437257438553
177962184,94,5.533028122956181
121852118,201,11.678502259522272
818025493,24,1.464406779661017
781221685970305025,111,6.677807486631015
3188994810,881,51.12185686653771
721638187,38,3.406374501992032
750079999395323905,25,1.471550032701112
3130115956,65,3.8411030860144457
2414316339,21,1.6785079928952042
2841884064,108,6.275016139444802
336540093,9,1.0465116279069768
743855088310099968,518,30.174757281553397
17468042,100,5.813953488372094
2780907516,342,19.88372093023256
2890245090,128,7.475665152498377
192477291,46,2.691807542262679
1859405485,628,36.558861578266495
23188486,1533,89.53277092796884
22115793,32,1.9022457067371201
161162927,633,36.92158133506157
852919230,1995,116.36422553467271
367226291,158,9.275929549902152
749831628,88,5.329744279946164
236960631,145,12.207670720299344
114231564,741,43.588235294117645
776525182710185984,190,11.147327249022164
3318475402,738,43.32681017612524
16440247,613,35.847953216374265
11071922,501,29.298245614035086
785275956932075520,133,7.767683322517845
20097108,270,15.934426229508198
530853470,309,18.176470588235293
185178713,193,11.510934393638172
746094399956758530,214,12.662721893491126
113098813,227,13.674698795180722
167934558,79,4.619883040935672
240727337,48,2.8309305373525557
3322118263,26,1.711777615215801
951115033,17,1.0647181628392484
3298536781,127,14.041769041769042
978344029,265,15.69078947368421
788153953108107264,34,4.935483870967742
528447690,372,25.078651685393258
2178990231,23,1.4005412719891748
1636420472,20,1.3782542113323124
197885978,32,2.0324629498941427
319189933,180,10.581319399085563
770746589430288389,492,28.941176470588236
38713683,28,1.8394160583941608
1907510780,103,6.094674556213018
259426351,333,19.652459016393443
138730872,191,11.301775147928995
152883896,152,9.03566710700132
729045686,105,6.2089356110381075
392765905,25,1.670378619153675
792876297986998273,1051,62.23026315789473
918651991,52,3.130434782608696
2605775413,408,24.25363276089828
45739537,34,2.048192771084337
823732381,22,1.436865021770682
823904910,222,13.311125916055964
788063753145163776,47,6.184210526315789
457443435,9,0.9321058688147297
3982102888,140,8.3223249669749
794511891183861760,916,127.02619414483821
1410894296,259,16.673819742489272
1340795809,25,2.3029682702149437
235376549,59,3.664596273291925
761478210936680448,79,4.86986301369863
3473629813,34,2.1030927835051543
1345777824,256,15.620338983050846
552223645,431,25.637805684071385
446456998,20,1.2596221133659902
2895554433,193,11.579999999999998
769813054670381056,148,8.82703777335984
105676987,36,2.2736842105263158
1313994246,43,2.6819126819126815
2852567659,166,11.37852246763138
6564062,215,12.88282290279627
404979223,151,9.04191616766467
2272356870,33,2.282859338970023
2638615131,14,1.8694362017804154
2320610412,448,26.666666666666664
412710863,251,14.970178926441353
349146441,308,18.857142857142858
24310575,116,7.357293868921776
21288878,67,4.564723694171083
727725307,385,22.96222664015905
3410661605,160,10.013908205841446
61960873,922,55.09960159362549
2602421666,768,46.296048225050235
603116542,209,12.548365577051367
798261020561207296,257,45.35294117647059
212577390,38,3.0617726051924796
98143483,22,1.6937553464499573
626411427,366,21.930758988015977
4700009263,63,3.921161825726141
987280675,40,2.403204272363151
2847850495,33,1.9986541049798114
798716905297235968,163,13.608534322820036
4696028862,181,10.91823056300268
801106059419127809,253,16.229508196721312
164739860,97,5.890688259109313
2639575060,243,14.757085020242917
801339683926081536,158,9.588671611598112
790909366794719232,44,2.964071856287425
803854923762958340,24,1.6314199395770395
26114330,14,4.921875
790562364,31,1.8813216453135535
800731052931067905,51,7.160686427457099
347442570,97,6.485884101040119
3038767841,45,3.4206081081081083
450236439,67,4.32258064516129
201968307,190,11.941340782122905
1699692337,14,1.00398406374502
741374375509807105,35,2.4456521739130435
802929861304221696,139,8.987068965517242
377091743,231,14.892550143266476
776152455847505920,48,3.059490084985836
165994883,78,4.752877454299255
914847434,111,6.899171270718232
3221745023,20,1.2711864406779663
804400019197394945,191,11.662143826322932
164768649,18,1.1368421052631579
698977350030135303,37,2.318941504178273
1583387088,52,3.1664411366711778
760111748041105409,51,3.107650643195667
28987337,43,3.0187207488299532
120938389,52,3.4641006661732052
790751239688458240,134,11.463878326996198
2882176961,433,26.438263229308006
25019613,290,17.718940936863543
1387159034,174,10.62415196743555
2979647836,341,20.86335825968729
3058988672,283,17.3265306122449
2861587725,257,19.420654911838792
811667137064374274,715,43.954918032786885
1605518196,13,1.0254163014899211
1295056292,91,5.743338008415147
14540732,63,3.910344827586207
1685099244,15,1.1769834350479513
791451956338458625,211,13.16008316008316
334859051,220,14.275414563806777
560855353,37,2.348377997179125
2200474724,46,2.9571428571428573
339714864,164,10.158293186510667
3095588269,73,4.503084304318026
422819170,19,1.3307392996108949
814560111419150337,2155,133.20741758241758
187300433,149,9.456981664315938
765170976841609217,208,13.081761006289307
815478353377562624,35,2.160493827160494
780149439109402626,67,4.460059171597633
2352242922,28,1.768421052631579
3305120914,167,14.793307086614172
257358874,351,22.92452830188679
413280672,36,2.4808575803981623
2581616599,1623,100.39175257731958
776500812046536704,30,2.043906131718395
223056140,28,1.8933132982719758
31338536,69,4.270976616231087
814834795276595201,36,15.804878048780488
1602225858,114,7.169811320754717
24600579,85,6.681222707423581
89310415,216,13.48127600554785
809231102435094529,9,0.6443914081145584
388001264,50,4.7518479408658925
777613093287370752,442,27.415575465196415
620826003,321,19.951657458563535
60134018,5,0.47568710359408034
717961016391376899,85,5.338450802512212
787048553122111488,41,22.095808383233532
3094349155,41,2.9951298701298703
816311756880564224,49,18.76595744680851
498058837,90,6.8354430379746836
55845169,7,0.525
713408908627456002,98,6.23321554770318
31607841,256,16.145760336370007
804449006533283840,126,7.907949790794979
3078726232,1299,80.96260387811634
2750388044,175,10.914760914760913
773941769373376513,101,9.978046103183315
807394085619105792,198,12.400835073068894
3056177975,65,7.81041388518024
783153455640698884,188,11.89873417721519
2598826952,36,2.26890756302521
822988837127331840,210,13.216783216783217
21777589,313,19.68553459119497
42445830,86,5.481586402266289
2176396892,178,11.59189580318379
1152337159,41,2.624466571834993
967285482,100,6.517016654598117
311627878,38,2.575301204819277
498181488,39,2.4700914848698097
4725045823,9,0.615501519756839
1072915218,27,2.5338894681960378
784529355875704837,235,14.738675958188153
369597105,42,4.821428571428572
824303371196702720,17,1.1054913294797688
820646804723273730,23,3.637961335676626
817655354268012544,257,16.14096301465457
210956314,11,1.6336633663366336
409354252,672,42.323303009097266
1152509136,50,5.325443786982248
1204947986,87,5.514084507042253
795699540246597636,44,6.481178396072013
1100297953,8,0.8323699421965318
204507823,542,34.159663865546214
2879988884,101,6.401408450704225
2603326132,215,13.694267515923567
40519314,47,2.964260686755431
43643544,114,7.189908899789769
376149820,34,3.238095238095238
824304961060151296,61,3.9439655172413794
94174036,130,8.399138549892319
151498176,457,28.883426966292134
1342346689,79,5.4316271963330784
605888765,14,0.901932712956335
1905625189,20,1.512605042016807
750935652443779072,16,1.3043478260869565
760553294385340416,199,14.259554140127388
830485141176848385,64,6.140724946695096
17356930,73,4.666193181818182
2332626853,193,20.802395209580837
2300562000,70,4.474431818181818
405836820,47,2.9893992932862195
1158759469,17,1.1688311688311688
1270715000,158,10.21551724137931
743251200947126272,26,1.6810344827586208
585793636,55,3.5585909417685118
2806385571,121,8.383371824480369
3140782512,34,2.453889334402566
22333958,206,13.252323087919942
827791588126552064,235,15.128755364806867
829805239108661248,360,23.044096728307256
729801422,84,6.26865671641791
817953621522292736,17,1.103896103896104
803582798,1599,102.20880681818183
231556077,251,16.05543710021322
56891919,884,57.56874095513748
2321590832,33,2.391304347826087
32124007,11,0.734966592427617
68064587,55,3.6105032822757113
3293639769,91,5.870967741935484
287498912,165,10.576923076923077
336091986,38,2.531458179126573
2484135226,117,7.608381502890174
30459657,72,4.618674269422666
490993597,24,1.833616298811545
813807716351283201,1511,131.64569215876088
46510645,460,29.827089337175792
2737599097,108,6.957766642806013
493731056,30,1.9382627422828427
589040127,173,11.43171806167401
21852291,23,1.5646258503401362
830052918053240832,166,10.802603036876356
834882827363704834,87,8.787878787878787
761060195283767296,228,14.699140401146131
482449638,84,5.625
66456914,334,21.641468682505398
770465293642719232,32,4.864864864864865
2721095793,56,3.956043956043956
405855000,153,10.0
789928683226091520,56,5.3276955602537
3080998517,383,24.942112879884224
775898636500758529,138,9.019607843137255
474107808,205,14.93927125506073
55348381,374,24.320809248554912
178138786,97,6.461880088823094
822411448823316480,807,54.44527736131934
3937982243,37,2.8412969283276452
3116163955,25,1.7241379310344827
841993696937668608,28,5.874125874125874
960492024,174,11.364296081277212
141301731,192,13.714285714285714
3029415293,658,42.75812274368231
434547397,289,18.957725947521865
842793493407907840,23,3.812154696132597
2404884026,162,10.760147601476016
2508988265,79,5.638382236320381
804235671783215104,49,3.875219683655536
46719793,82,5.4869888475836435
37234839,150,9.948415622697127
31171370,46,3.002175489485134
763460695140827137,14,3.118811881188119
208457235,4,0.2786377708978328
838771732408229889,410,27.292899408284025
2200011295,137,9.362186788154897
812692781260881920,32,2.426284751474305
1260974358,101,6.639883126369613
2832280143,96,9.442622950819672
343666742,1000,65.359477124183
4846543712,189,12.507352941176471
840609567440547841,142,13.683083511777301
111935508,41,2.971014492753623
452723438,122,8.230884557721138
1927071128,164,11.17335352006056
759756824232943616,600,39.27272727272727
2339782512,137,9.167286245353159
27462578,94,8.205625606207565
335600436,235,15.483162518301611
3291937997,67,4.839486356340289
702508407379505152,208,13.754592211609111
424738270,29,2.2461273666092945
3177514856,170,11.151603498542274
239393704,48,3.226288274831964
267462917,92,7.162629757785467
4730276121,349,23.940548780487806
738028388787445761,617,40.681318681318686
765559272,46,3.08955223880597
847075023819034625,36,22.97872340425532
371972945,16,1.2040133779264213
3340126754,151,10.126676602086437
94253296,439,29.529147982062778
849459586922840067,53,9.73469387755102
827914820137652224,75,5.022321428571429
720827059103076352,403,26.61041819515774
2962387757,91,6.266258607498087
96365487,63,4.4021739130434785
1382742817,149,9.918639053254438
802435561088831488,390,25.904059040590408
845786773485735936,324,21.53618906942393
251509742,28,1.9550038789759503
303998741,72,4.950343773873185
34006062,56,3.708609271523179
3178070223,30,1.988217967599411
317572734,11,1.3983050847457628
1311280034,71,4.729829755736492
134327244,6,0.47957371225577267
843213445029920768,293,22.674118658641444
122563996,21,2.9076923076923076
209492404,768,51.048744460856724
4833885833,465,31.254667662434652
850941667091853312,32,2.251759186864738
392642654,33,2.6902173913043477
750809724803702784,57,3.860045146726862
3429305717,697,47.37915407854985
1252792326,89,5.94213649851632
3300736342,38,2.540861812778603
845713726921740288,41,3.354545454545455
854920376643534848,38,3.3431085043988267
852292680033947649,83,5.6039009752438105
800835546092371968,93,6.288504883546206
3419327369,26,2.2696411251212414
420516208,12,0.9818181818181819
2218719508,47,4.4526315789473685
2163754391,199,13.435858964741184
762141236270628865,106,7.553444180522566
855894668273487874,29,1.9448584202682564
820031324278951937,302,20.390097524381094
922040940,13,0.9574468085106383
856179572701790209,63,17.07831325301205
2893655368,110,7.3991031390134525
114124003,6,1.7142857142857142
2306635885,236,16.3008442056792
628613273,183,12.38345864661654
1192540729,102,6.87125748502994
4789831174,76,5.20944402132521
57922544,47,4.307535641547862
3219664258,28,5.0
483415002,174,11.739130434782608
311258826,1153,77.9054054054054
743874996410318848,51,4.25
102034166,26,1.9597989949748742
3296788987,109,7.420574886535553
2798845664,155,10.488721804511277
27302503,118,9.348591549295776
861129972303441921,92,19.166666666666668
19283254,148,10.144706778370145
623764078,118,8.329411764705883
3236219971,1369,92.9185520361991
809108111302787072,10,0.7444168734491315
747276548881842176,95,7.772727272727273
52165177,298,20.302800908402727
27512270,427,29.157814871016694
36066931,214,14.613050075872534
862986397568913409,90,60.44776119402985
57460636,155,10.54421768707483
1344889524,65,26.834862385321102
159895276,1013,69.01589704769114
3313501837,14,2.608695652173913
20133572,134,9.136363636363637
38800326,15,2.227722772277228
768427898537668608,86,12.772277227722773
2828216535,24,1.671826625386997
818270105293438976,24,1.7224880382775118
120542266,46,3.3360193392425463
4862125830,62,4.240121580547113
598729965,47,3.253846153846154
817306494576238592,13,0.9105058365758755
112136677,24,1.981651376146789
866411585866170368,17,2.2767857142857144
255412741,179,12.745253164556962
709414893515051008,3,1.08
165553472,59,4.210943695479778
867042487143157760,461,32.03861003861004
52836631,554,38.09014514896868
97562989,243,16.61854103343465
2889626079,289,19.87012987012987
867413032711880704,16,1.4385614385614387
2730153695,153,10.690993788819876
1307408959,504,34.6524064171123
2276759073,70,4.933437744714174
356907176,355,24.315068493150687
3189152094,351,24.24405218726017
142399156,91,6.247139588100687
856707220570071040,13,3.277310924369748
109568620,13,0.9055727554179567
558675103,146,10.045871559633028
265839375,10,0.8604206500956023
801038539240722432,937,64.76958525345623
108828443,223,49.801488833746895
837506765142937600,80,5.517241379310345
776918199409471488,809,55.83588957055215
867850921996279813,54,4.0
725825242719887360,213,14.734819369715604
2535916412,9,0.6829679595278246
495174032,104,7.346938775510204
18392132,374,26.012364760432767
1270846950,67,4.759273875295975
22680861,68,4.822695035460993
2196916214,66,4.629773967264224
852590788991123459,63,5.149863760217984
874034604386267137,658,45.87141750580945
358382643,383,27.620192307692307
3161807343,121,8.547880690737834
853492055179395073,55,3.8823529411764706
876810053738803200,29,2.0796812749003983
790844603599429633,43,4.243421052631579
19665765,492,34.48598130841121
878420153695907841,627,43.94859813084112
879543297252794368,57,4.399656946826758
3228336531,140,10.104250200481154
150518837,110,7.801418439716312
2316606384,60,4.400977995110025
111377911,353,24.859154929577468
828036440902795265,64,5.110913930789708
906757622,1,1.0
222432604,25,1.8159806295399514
179416232,24,1.7183770883054892
1563976308,684,48.20673453406422
328633277,75,5.323343848580442
850731187060396033,197,21.754601226993866
867605740445286405,12,4.372469635627531
250762777,27,2.384690873405299
877350923076460544,133,9.37353171495693
880349362752245761,9,1.9804400977995111
398061736,55,4.427549194991055
3337585053,8,0.603520536462699
882445779444486144,15,5.314960629921259
2190552716,328,23.171114599686028
47556706,150,10.638297872340425
3487231397,66,4.740622505985634
883302943293833216,425,35.78110383536015
738549738333720576,126,10.647887323943662
760040815,10,0.7383100902379
884115104622682112,116,21.048387096774192
753127607051386881,39,2.799043062200957
196615962,442,31.37223974763407
884157728825921537,36,11.824817518248176
2901048097,93,6.744560838033843
822193346890317825,54,4.74609375
1281662276,152,10.788643533123029
884418819997011968,50,3.5629453681710213
70865331,21,1.6071428571428572
865556152414752770,26,2.0277296360485266
884474012243550209,746,187.54189944134077
216240054,105,7.803468208092485
1356041072,562,40.079239302694134
2843874988,60,7.397260273972603
831303399165435904,355,34.80392156862745
362488078,267,19.224
3939704747,25,1.924721984602224
397074947,16,1.4103819784524976
3229366844,17,1.2308930008045051
2936065085,414,29.61844197138315
887719015069736961,1725,123.50835322195704
888244565127426050,74,35.05263157894737
864826920,212,17.40875912408759
4124370680,1689,121.70536429143314
307674192,67,4.824
869650271735091200,160,12.01000834028357
191566403,42,3.4774609015639375
301027141,76,5.5928045789043335
2267832368,189,21.025957972805934
996905028,28,2.1105527638190953
321179742,8,0.7570977917981073
834832983223832576,84,7.006487488415199
772530566956810246,130,9.443099273607748
2371001778,169,12.22668810289389
462677595,37,2.6790024135156876
104761311,75,5.754475703324808
819287524132667402,17,4.191780821917808
890663574112219136,70,55.26315789473684
245343735,61,6.147816349384098
2221026720,203,15.736434108527131
2462102864,253,18.51219512195122
1880160211,137,10.10655737704918
892013516000968705,160,11.764705882352942
68177164,617,62.11409395973154
1041414847,19,2.0357142857142856
48827977,588,42.78092158447858
1727858184,100,7.269789983844911
1302484008,61,4.463414634146342
79380848,370,26.941747572815537
21977758,115,8.37378640776699
4145965574,253,18.55745721271394
11803352,50,3.67047308319739
882647132209119233,1317,96.2094155844156
28638257,1051,76.8399675060926
897379025550581764,11,7.122302158273381
2897146518,127,9.38423645320197
335108895,255,19.956521739130434
594169864,35,2.6097763048881526
842163925718323201,69,5.040584415584416
954735775,107,7.880523731587561
2292044777,23,1.8031358885017421
4855527203,478,40.77725118483413
186190364,5,0.4653567735263703
896876750323535873,294,21.547231270358306
850604406928289793,54,4.111675126903553
302234549,49,5.6976744186046515
752626147,160,12.265758091993186
257197012,69,5.942583732057416
751327215556632576,96,7.07037643207856
2471497028,79,5.866336633663367
14470939,157,11.775
898054954660900865,144,10.588235294117647
4880173991,83,7.545454545454546
359361849,629,46.36363636363637
1240224294,160,11.783960720130933
19200264,586,43.30049261083744
52425809,241,17.79327317473339
1656195414,390,29.104477611940297
2725792984,85,8.069620253164556
842487982053560321,1011,75.13625103220478
2591757907,87,6.51414309484193
4860153878,136,10.099009900990099
1461310393,35,2.7085124677558037
739203326,23,1.7829457364341086
902929740041822210,13,4.317343173431734
871129516986425344,200,14.88833746898263
3315789671,18,1.4930875576036866
887184178072215552,10,1.639344262295082
393582020,63,5.613861386138614
899379765567795201,106,14.345864661654135
904838999688134657,11,11.0
17346786,58,4.53125
15949500,154,11.435643564356436
2903201920,103,7.977624784853701
2249589158,43,3.1957060280759704
405719755,24,2.1011673151750974
511250832,52,3.9097744360902253
631013224,56,4.2105263157894735
97846683,103,7.776845637583893
20253485,22,1.709844559585492
888939278373355520,28,2.1875
335163112,181,13.496271748135873
2536525933,29,2.169576059850374
1398467496,48,3.7532580364900086
2151858433,30,2.2594142259414225
2443059715,84,6.273858921161826
216068278,147,11.474414570685168
18598008,93,6.969192339716902
1304918580,206,15.385892116182573
2176285235,19,2.727272727272727
241263678,111,8.4375
904155763580575744,217,16.22093023255814
433570924,523,39.621212121212125
1468409142,63,4.784810126582279
1355864288,79,5.915141430948419
964432688,275,20.60782681099084
2176318886,18,1.5913555992141453
749418954,235,17.683946488294314
714917431446265861,22,1.6680707666385848
2877553757,177,13.341708542713567
4356169936,517,38.775
855621993143644160,120,21.386138613861387
908668114216271873,34,7.593052109181142
498831921,113,8.65531914893617
287120680,132,10.127877237851662
63024397,87,6.563285834031852
47042274,220,16.541353383458645
50752538,98,7.723292469352015
1534350270,18,1.4185639229422067
253379796,114,8.636363636363637
22115265,101,7.619446772841576
83373726,499,37.6761744966443
422107899,170,12.922297297297298
1309171393,184,13.915966386554622
33044293,141,12.416829745596868
370495967,99,11.165413533834586
430056346,101,7.68385460693153
3179562878,36,2.766865926558497
2300882494,19,1.553133514986376
3139210238,146,12.81951219512195
2890317582,23,1.8531781557743956
531487196,82,7.20703125
551113551,46,3.660477453580902
40414952,254,19.588688946015424
4585161260,1150,87.41554054054055
902268019,155,12.774725274725276
952781486,47,3.7971274685816874
719693014336212993,60,4.683434518647007
2600780803,20,1.7029328287606436
838957483,26,2.380467955239064
162167280,24,1.8604651162790697
2464856826,87,6.652506372132541
138237747,736,56.04060913705584
864911131860549632,73,6.583166332665331
2994384196,100,7.712082262210797
868979049674276865,54,4.153846153846154
1194315056,25,2.066115702479339
100029772,300,23.175965665236053
756341659886088192,1437,110.06808510638298
177492191,241,18.68217054263566
27253366,674,51.58163265306123
3017103508,38,3.2294617563739374
141331600,575,44.08006814310051
2164846670,252,19.335038363171357
2882187824,61,6.127232142857142
771197469820526593,109,8.934426229508198
224745125,47,3.7268722466960353
912281251783909376,55,4.574861367837339
702828364105654272,506,38.8235294117647
4535935455,309,24.30944055944056
257615883,278,21.870629370629374
3289341230,93,7.329246935201401
14065803,856,65.51020408163265
628606998,23,1.8749999999999998
3290696859,198,15.256849315068493
99304836,179,13.816466552315608
2502494419,287,22.133676092544988
452637673,80,6.148590947907771
903802479673958400,567,51.96537678207739
291520004,96,7.48051948051948
1882421736,48,3.7049742710120066
115464114,87,7.073170731707316
919646136264282114,98,19.00862068965517
1015748215,146,11.298366294067067
23842118,280,21.501706484641637
926786538,118,9.499105545617173
4052386114,33,3.0
526365472,336,25.82408198121264
174461368,56,4.311377245508982
604942456,35,2.840396753832281
631360024,264,20.290350128095646
1702343468,27,2.352371732817038
25129607,1176,90.38428693424423
783296307054022656,20,1.7408123791102514
1270343971,55,4.252577319587629
919453853782872064,21,1.772983114446529
48058862,369,28.703543647363873
916318432437600256,199,16.10611510791367
2934369247,404,31.103507271171942
872894475005296640,12,2.4107142857142856
25028867,232,17.86142001710864
39191170,62,4.781491002570694
1379102665,66,5.510204081632653
917941830410530818,49,25.63953488372093
1281115201,153,11.98433420365535
898215374520537088,16,1.372735938989514
919492124739063808,75,6.021409455842997
917160867283660800,176,17.737961926091824
1926310586,106,8.324607329842932
45048948,166,12.991304347826086
914960396590764032,721,55.939655172413794
1522235215,696,54.0
903719051368812544,201,34.72168905950096
785235294060544000,461,35.891003460207614
921872798221344768,31,2.6546146527117034
3176701496,10,0.907258064516129
15781919,166,13.036649214659686
714397475986087936,92,8.070175438596491
4857228651,32,2.7879961277831558
9828292,61,4.782229965156794
793974309974904832,376,29.248055315471046
748722115478712320,36,2.829694323144105
526844085,64,5.07488986784141
914387194533629953,61,4.786399302528335
921830894,46,3.6931311329170384
859451167008595968,14,1.2804878048780488
22965436,105,8.370239149689992
34268703,98,7.960288808664259
870991388,62,4.973262032085562
1384684099,82,6.468010517090272
17824785,42,3.3070866141732287
527406675,45,3.655234657039711
2402224224,39,3.0628272251308903
441244971,24,2.1218074656188604
828966279591624705,57,4.531802120141343
1869306330,141,11.259982253771074
23087752,17,1.8727050183598533
3021554286,37,2.970561998215879
3646847962,49,3.976555455365194
360591287,110,8.714788732394366
927985744026783744,127,9.973821989528796
158878252,60,5.037313432835821
2807224867,24,2.6277372262773726
929874577181892608,222,17.495621716287218
563654901,6,0.5162523900573613
869865150957977600,116,9.198237885462555
3420590794,146,11.5061295971979
2367254744,3,0.3187721369539551
847465006287409156,12,1.5083798882681565
713018140116955136,68,5.373134328358209
931108118766989312,113,8.921052631578947
4083667216,77,6.404805914972274
353861956,63,5.159235668789809
336958598,412,32.554872695346795
294269531,184,20.882723833543505
2465511205,54,4.270650263620387
3194702822,67,5.8317214700193425
892481106011987968,721,57.17180616740088
19731757,124,9.893617021276595
797286856232681472,40,3.2846715328467155
849203992236363776,154,12.309058614564831
879312483789398016,125,12.458471760797343
342492329,131,10.433628318584072
1858933962,139,11.604823747680891
39358606,128,10.52054794520548
261270721,10,0.8910891089108911
3304221309,437,34.651982378854626
2527620980,5,0.4032258064516129
922227260261912577,56,56.0
2959651947,1016,80.70609002647838
104928731,363,28.911504424778762
42561371,9,0.9050279329608938
921625314584813568,51,4.727085478887744
253638189,283,22.579787234042552
4051714158,578,46.0353982300885
3255170189,334,27.105500450856628
878930468045037568,141,11.240035429583703
637114901,24,2.3101604278074865
178434460,5422,432.6063829787234
935536754899214337,48,48.0
3652476139,40,3.243243243243243
817043757430374404,808,67.27104532839964
33340241,322,25.737122557726465
564397465,46,3.7636363636363637
35903579,36,4.366576819407008
841882765440217089,85,6.929347826086956
15389764,51,4.101876675603217
2831002527,25,2.0930232558139537
139972715,98,7.896150402864817
3012237035,90,7.612781954887217
1429808808,160,12.868632707774799
344710675,13,1.1538461538461537
901204704,422,34.33996383363472
800745467801804800,513,41.149732620320854
2932550475,33,3.788265306122449
2309026962,292,23.739837398373982
388378243,144,11.571428571428571
1147249328,115,9.282511210762332
615489370,154,12.386058981233244
74283107,73,5.940325497287522
22887301,34,2.7567567567567566
1087112574,169,13.702702702702702
861716776379326465,21,2.4966974900924703
184973798,70,5.909943714821764
461490680,178,14.329159212880143
18471349,35,2.913968547641073
29238739,60,4.909090909090909
72621018,86,7.068493150684932
1336516375,13,1.8780096308186196
882883405,119,9.605381165919281
914784321147371520,61,7.102199223803364
2393329202,189,15.956848030018762
961113877,29,2.3835616438356166
3364280961,270,21.872187218721873
24694884,175,14.138240574506284
907237309988442112,183,20.510585305105852
841123231,130,10.617059891107079
16775250,223,18.146473779385172
758446638,165,13.463281958295557
2458261600,309,25.91798695246971
483435687,117,9.469424460431654
39691097,16,1.3126709206927987
360952903,501,42.61814744801512
182592569,235,19.071235347159604
2407808469,56,4.54054054054054
848027640317583360,341,39.09554140127389
273098314,109,8.9507299270073
890706307958718464,55,4.643527204502814
803458028049760256,143,12.458857696030977
352010469,389,32.0018281535649
43585418,122,10.427350427350428
777625279,17,1.8523002421307508
424684388,35,2.8819762122598354
222266683,30,2.4907749077490777
88947530,81,7.99342105263158
864358981447303168,379,31.322314049586776
382446532,54,5.0625
21011559,37,3.1504257332071903
328295635,129,11.271844660194175
1265184950,10,0.8287292817679558
2959342991,73,5.994525547445256
910575342133248001,21,2.4545454545454546
101760948,97,8.220338983050848
650223,155,12.809917355371901
2155877156,75,6.204044117647059
2883861684,200,16.393442622950822
879406905822773248,176,15.157894736842106
2162245754,47,3.8771769019248397
273050244,338,27.98528058877645
943967059339300864,18,1.5789473684210527
748598008095223808,12,1.1713665943600868
1641680689,65,5.391705069124424
400048071,134,11.146025878003696
3318273114,29,3.4207077326343382
112609237,65,5.457089552238806
948078076050542592,320,26.34949679780421
108456622,167,14.152542372881355
948145388338515968,195,107.01219512195122
834566082,47,4.005681818181818
205410319,35,3.343949044585987
744313514987126784,69,5.692025664527956
2386241200,62,5.195530726256983
893546935835140097,4,2.0224719101123596
25184934,46,4.76409666283084
322266931,29,2.4166666666666665
495400444,393,32.50919117647059
185019348,56,6.16891064871481
406590901,447,37.04419889502763
723971192135122944,80,6.7478912839737575
949201664195678208,187,17.1734693877551
924389232587804673,41,3.5412667946257197
3589086492,131,10.846366145354185
942197893292806144,162,13.66447985004686
1848428946,67,6.360759493670886
936546826286637063,109,9.351763584366063
2902220750,53,4.400369003690037
3634507753,35,3.0882352941176467
943471151245819904,88,7.333333333333333
875343560702349312,15,1.3677811550151975
454114847,147,12.745664739884393
3436249474,486,40.575139146567714
944552312281866242,24,10.964467005076141
949474101340536832,7,0.8559782608695653
31027867,44,3.7464522232734154
822840261332111360,157,13.09545875810936
996324038,121,10.196629213483146
722232530217205760,64,5.423728813559322
4719644677,82,8.31081081081081
449143582,31,2.6050420168067228
793681446024077312,82,7.62396694214876
557415287,15,1.8493150684931507
263013435,43,3.6822074215033305
884292084647198722,55,4.626168224299065
709155364588154880,64,5.3731343283582085
2941203251,52,4.406779661016949
274680750,180,18.100558659217878
1438937863,54,4.53781512605042
300464815,37,3.2267441860465116
166978813,93,7.881355932203389
62810188,37,4.026602176541718
851649576507453440,72,6.708074534161491
369673576,97,8.500486854917234
948916178516430848,50,4.509018036072145
82541638,99,8.718199608610567
730941117298970624,174,14.801512287334592
228644480,103,8.745283018867925
2373153734,33,2.880698351115422
3260918311,90,7.563025210084033
1053896952,80,8.372093023255815
297328895,46,5.390625
3309156235,14,1.423728813559322
966635084,108,17.326203208556148
717446375479373825,57,5.004878048780488
1618581044,156,30.789473684210527
957748263087681538,123,10.726744186046512
42513130,69,5.959692898272553
3234486314,30,4.945054945054945
268478941,158,13.633748801534036
247955043,41,3.5964912280701755
905602141464797184,170,14.3796992481203
877033464435888129,160,13.52112676056338
2214161030,936,79.17293233082707
3372606359,571,48.29887218045113
17913653,135,11.626794258373206
444121641,193,16.340545625587957
440461049,110,9.287054409005629
61626584,24,2.076923076923077
2866551555,46,3.9093484419263453
60755693,99,8.692682926829267
958895025127088128,227,31.625386996904023
2870842216,173,16.002055498458375
20944959,92,7.893231649189705
398869640,30,2.586206896551724
3092483373,46,4.0155189136760425
878332266488807427,18,2.8877005347593583
715766964954783744,174,14.745762711864407
2975983103,482,41.04068117313151
2781539192,91,7.882579403272377
957257050458935296,24,2.574493444576877
1535553198,148,12.601702932828761
913117409476833280,356,30.630975143403443
2370891079,25,2.3961661341853033
958956729877790725,231,19.650283553875234
892658587675250688,11,1.1578947368421053
2421645481,16,1.9512195121951221
951315930927136768,6,0.6474820143884892
1707164089,65,5.534531693472092
933711591635345408,70,5.982905982905983
954805504617758720,842,71.89753320683113
831534157025079296,245,20.98001902949572
230190627,60,5.47112462006079
896297874371235840,29,2.5816023738872405
404394285,513,43.92959086584206
811868928,26,2.4223602484472053
1596076220,45,4.1075050709939145
926531632005296129,74,6.3610315186246424
16481591,151,12.955195424213537
96433126,6,0.6601466992665037
3367561319,16,2.33387358184765
904176195369041920,19,1.8811881188118813
806123649350647808,70,6.331658291457287
152411566,149,12.783603431839849
829074875239247873,38,3.3628318584070795
2867541249,18,1.6981132075471699
936567880094687232,537,46.20458891013384
1450310059,155,13.374880153403645
54232838,44,3.8223938223938223
18311141,433,37.25621414913958
2195838241,24,2.22680412371134
2496956598,61,5.579268292682927
837785700460265472,57,5.0
763009120534351873,37,3.5425531914893615
781333522195808256,1039,96.10483042137717
22637929,12,1.1986681465038846
862117163410370560,199,17.155172413793103
2405146831,13,1.1866125760649087
757818069137760256,48,4.359233097880928
615455540,2310,229.4701986754967
959647313349267457,148,12.820019249278152
3404588474,34,4.151967435549525
746684986925924353,68,6.276923076923077
27523823,79,7.0396039603960405
2291429838,532,46.03846153846154
949139697132912640,87,7.594568380213385
313084393,31,2.754195459032576
103833280,32,2.7934044616876816
905896907515494400,17,1.8455971049457178
1146221094,79,6.9230769230769225
909117632816828417,359,31.73870333988212
926018078,68,6.150753768844221
14249287,61,5.289017341040463
198380977,728,63.12138728323699
943424985888063489,35,6.441717791411043
931851284,876,76.1003861003861
250350863,87,9.052023121387284
529609629,169,14.824561403508772
795716565249433601,42,3.709519136408243
4239563631,20,1.956521739130435
1493623748,101,8.79110251450677
757573290718289920,121,10.825049701789265
969002334410874880,160,14.708886618998978
188775035,7,0.9531013615733738
4169521217,8,4.9655172413793105
968727438170775553,319,27.819767441860463
367249356,30,2.63671875
2688928120,20,1.8018018018018018
815997307678326788,31,2.987152034261242
19615011,326,28.430232558139533
261922571,1467,127.93604651162791
620400573,45,4.326923076923077
2974247021,227,19.815712900096994
2774406779,423,36.99708454810496
3614630307,109,9.608227228207639
937723233809453057,13,1.225130890052356
736405340712013824,25,2.245508982035928
823822296611573761,13,1.430317848410758
878042735143473152,447,39.096209912536445
763212753762865153,230,20.31403336604514
971466637042831365,211,26.193103448275863
3437836990,636,55.68093385214008
789989887,119,10.418287937743191
868197216170762241,290,25.389105058365757
950489694806118402,865,76.85093780848963
786499443021406209,129,11.64493480441324
207794625,407,35.84148727984344
3164444845,13,1.1723446893787575
14070570,124,11.071428571428573
2373715690,66,5.806451612903226
18033685,485,42.75220372184133
781085501809762308,72,6.390532544378698
975047857144303618,160,14.285714285714286
3086620288,979,87.67164179104478
2323104290,51,5.300230946882217
750910026106171392,91,8.297872340425531
805992535688679424,85,8.26133909287257
2378429275,11,1.0903083700440528
4463131899,149,13.356573705179283
3582170954,74,6.809815950920245
2912121446,112,9.98019801980198
846572997414699011,33,2.9464285714285716
747543857286496257,340,30.088495575221238
2993191427,73,6.57
362316601,27,2.469512195121951
136219736,205,18.195266272189347
1271274794,24,6.22478386167147
954552260293484546,24,4.490644490644491
14309662,263,23.320197044334975
1914997322,91,8.125
937927172928561154,179,15.88757396449704
411220008,83,7.462537462537463
19349293,2272,201.8558736426456
774821233577762816,59,5.715823466092572
742687649526218753,115,10.60450819672131
764437567345397760,77,9.480164158686732
306447801,255,24.056603773584907
1641790267,67,6.078629032258065
956093472,16,2.042553191489362
941621,172,15.341922695738356
24868413,21,2.072368421052632
123663103,33,3.1099476439790577
4489183161,50,5.084745762711864
967567493635198976,47,4.251256281407035
2390472812,181,16.225099601593627
933523471384109057,132,11.8562874251497
924225705151307776,34,3.9947780678851177
887045921057492992,75,6.78391959798995
940540398933483522,60,6.157354618015964
856438521745244160,37,3.5999999999999996
2572955473,142,12.754491017964073
970515072,247,22.274549098196392
51256734,48,4.311377245508982
3298709743,47,4.2342342342342345
3007922469,69,6.388888888888888
126616846,11,1.2547528517110265
36225279,90,8.165322580645162
1242149563,14,1.5809284818067753
3337118152,20,2.349869451697128
825485004373372929,125,11.283851554663991
757931908894384128,292,26.438631790744466
305232195,223,20.231854838709676
195487360,34,3.1224489795918364
592432071,350,31.88259109311741
308586153,26,3.4615384615384617
982177128077643781,12,5.806451612903225
946880668478459904,41,4.742930591259641
292967549,12,1.0876132930513596
36298754,21,2.0432432432432432
919269108700667906,893,81.18181818181819
49781291,317,28.731117824773413
3115784915,20,1.8769551616266946
2670706682,334,33.25221238938053
1065942330,28,2.71551724137931
901541130554277893,149,13.641912512716175
946773897357094912,28,2.672322375397667
18894457,94,8.703703703703702
702597596179595268,51,4.669379450661241
982319046761697280,41,4.670886075949367
62796666,154,14.332988624612204
3188454543,13,1.570469798657718
896625923499343872,283,26.123076923076923
3182720616,15,1.9094766619519095
970031986483003392,65,10.335689045936396
3301103643,25,5.395683453237409
797828614989430784,154,14.142857142857142
978733224472977408,94,8.803329864724246
385099176,728,66.45030425963489
3692834240,84,8.094218415417558
927305818789302273,23,13.708609271523178
610236995,47,4.79048697621744
1457565246,124,11.51702786377709
59873923,804,73.83673469387755
76876732,16,1.6570771001150748
983193643124051969,202,46.14213197969543
983753713817923584,87,7.965412004069176
2470147507,1220,112.5
2899299292,147,13.472505091649694
426350745,53,5.598591549295775
839026429,8,1.0434782608695652
2865539306,60,5.5102040816326525
4851320217,30,2.757916241062308
3396193390,36,3.8709677419354835
956640865933578243,6,1.9081272084805654
1258483736,293,27.01844262295082
317170086,306,28.159509202453986
451922189,65,9.256329113924052
885708469688451072,79,7.596153846153846
952944336320258048,10,1.3177159590043925
877181217614909443,42,5.625
4297407509,89,8.378661087866108
220612634,366,33.784615384615385
983776792573022209,73,7.1568627450980395
185429764,39,3.8318777292576423
1869545143,270,25.0
323602481,443,41.401869158878505
2610870403,140,17.897727272727273
2426743740,31,2.897196261682243
53123406,53,4.932781799379525
961073573493293057,14,1.4157303370786516
812414271812468737,156,14.489164086687305
779824741997764612,477,44.25773195876288
2567836859,129,12.006204756980352
993167202667950080,22,2.657718120805369
36787166,1008,93.91304347826087
956918965036568576,12,1.1214953271028039
783612697,11,1.1049107142857142
768850723685670912,75,7.5167037861915365
925863586089619456,89,8.326403326403327
985645291528482816,20,4.712041884816754
183826047,49,4.584199584199585
932327757115207681,100,9.46372239747634
2193358436,224,22.375138734739178
16639088,77,7.2489539748953975
2997898507,22,2.1521739130434785
985986060575535104,184,17.54237288135593
997143348832976897,128,14.788189987163031
850251688015347712,120,11.40443505807814
2738914478,193,18.15047021943574
628805928,112,10.543933054393307
997705059403091968,35,4.256756756756757
2288344196,182,17.169811320754718
994705723895447554,14,14.0
990640724231127041,68,6.435331230283912
51555241,202,19.361022364217252
728297003814248448,25,2.528089887640449
95245106,52,5.188470066518847
994423866087936001,254,23.98740818467996
1055008202,34,3.238095238095238
752611722230374400,308,29.458023379383633
1732530055,235,22.5
42540289,112,10.610526315789475
909335313356591104,151,14.581545064377682
921756235,674,63.58490566037736
3295019012,700,75.99517490952957
307883924,122,11.594508975712777
3027528395,109,10.315457413249211
989643326365274113,16,1.6071428571428572
364279262,11,1.2344139650872819
1647793116,453,43.326248671625926
791230008,37,3.6714443219404633
930515472004669440,33,3.8722294654498044
898078888760365056,55,5.368763557483732
827529236,179,17.21153846153846
2590061059,263,24.94204425711275
20841332,286,27.52941176470588
969224093521166336,7,1.2989690721649483
802437110707916800,31,7.284595300261096
303073418,321,30.63626723223754
766045746181378050,132,12.71948608137045
1000660330047918080,153,14.870410367170626
537922560,70,6.759656652360515
996482473033789441,16,1.5254237288135593
388436664,87,8.312101910828025
450225506,78,7.491995731056563
3068035868,41,4.1742081447963795
995668589096058880,237,22.739872068230277
470722760,3,0.3465982028241335
863435601571393536,110,10.520722635494154
3308346702,256,24.406779661016948
998120007279235072,125,15.64673157162726
206914740,183,18.931034482758623
894390108522246144,281,26.875664187035067
2902772848,834,94.77272727272727
998915937381376000,43,4.112646121147715
1868104632,72,6.9230769230769225
1002277631717531649,41,5.340086830680174
871815345706848256,106,10.170575692963752
2772371744,185,17.67515923566879
473353259,103,10.098039215686276
998000290791022594,61,5.967391304347826
3308419694,82,8.27354260089686
873240026846560256,14,5.228215767634855
4779542595,924,88.3740701381509
606686478,44,9.209302325581396
1450637762,69,6.634615384615384
986856954373943296,68,6.630552546045503
3147567180,233,22.33226837060703
969874120795181056,113,10.877005347593583
3048197801,245,23.658798283261802
1486275684,887,85.19743863393809
919064742,37,3.5576923076923075
219847298,172,16.520811099252935
3248197232,24,2.4517593643586832
823527837395283968,28,2.870159453302961
2390043919,73,7.1960569550931
972143085160468480,35,3.420195439739414
16878276,1362,131.24197002141327
254549102,427,41.63596966413868
2570943944,57,5.5102040816326525
448356091,55,5.316863587540279
601528560,33,3.797953964194374
1087540812,71,6.9230769230769225
32681832,16,1.9807427785419534
769405877023600640,238,23.131749460043196
1528496599,33,3.2423580786026203
982990570011406336,225,31.10599078341014
928700396188528640,11,1.064516129032258
2848931788,77,7.427652733118971
981193782,63,6.077170418006431
809200066535661568,39,3.9
1005879434291830784,30,3.013392857142857
848044670,503,48.83495145631068
4810597002,157,15.177228786251343
74180039,151,14.628632938643703
38750770,107,10.918367346938775
835697612800020480,101,9.795258620689655
722798056782094336,75,7.336956521739131
2852733673,168,16.258064516129032
380319670,150,14.754098360655739
4647077663,446,45.87428571428572
2334249992,128,12.65934065934066
34645741,27,2.661555312157722
10543592,340,33.009708737864074
1008637508652032000,247,24.375
923852899578449920,44,4.304347826086957
92098965,27,2.6586433260393876
263893380,221,21.549295774647884
17176830,558,54.23326133909287
17656165,206,21.86320754716981
2779953760,11,1.140552995391705
2345526085,96,9.34054054054054
24322455,138,13.558951965065503
8523682,98,9.58695652173913
33010966,182,17.727272727272727
1331826740,13,1.3280363223609533
1008080294715355136,67,6.582969432314411
1273065936,29,2.952488687782805
1009453331637563392,14,1.3876651982378856
3116541329,217,21.22826086956522
714308670364856323,83,8.327759197324415
2958992329,431,42.53289473684211
15056488,14,1.4221218961625282
4766359572,474,46.622950819672134
1008494066533879809,19,2.2323759791122715
1568088608,488,57.26205997392438
3856967534,211,20.708833151581246
1010678628915597312,204,20.287292817679557
1011226928517402624,757,74.2156862745098
746403658762457089,453,44.65498357064622
359132405,15,1.4786418400876233
1009302510949953538,159,16.042600896860986
737301118795927552,120,12.328767123287673
105993860,263,26.18362831858407
869745615718068224,194,19.081967213114755
227257766,122,12.092511013215859
817037845,389,38.346111719605695
877670218646073345,51,5.0495049504950495
736681405208395776,197,19.526431718061673
818067545282510850,92,9.078947368421053
750331693752606720,570,56.560088202866595
595875372,96,9.504950495049505
758241362,127,12.532894736842106
2875017565,47,4.6381578947368425
631418218,114,12.0
2804612090,53,5.305895439377085
2520983706,16,1.848523748395379
873332185482366976,35,3.4806629834254146
239169041,112,11.125827814569536
190492340,96,9.851767388825543
39239843,3742,370.0879120879121
3302185178,51,5.174746335963923
933109895880232961,100,12.396694214876034
411878809,164,16.237623762376238
1014487873184296960,90,9.101123595505618
2783841064,53,6.317880794701987
291405440,466,46.18942731277533
83935620,72,7.2890888638920135
30361670,78,7.739801543550166
134847283,120,11.933701657458563
214106023,90,10.901749663526244
1003277679905460225,75,8.777633289986996
710808364310269952,804,79.60396039603961
87018973,28,2.781456953642384
777587817002053632,404,40.1767955801105
21197327,102,10.154867256637168
41045643,132,19.008
243171375,26,2.620380739081747
1013746340961058816,160,38.196286472148536
1000764393670479872,48,6.251808972503618
21814322,52,5.1827242524916945
722990373455302658,20,2.0689655172413794
2371253882,54,5.388026607538802
19801144,118,11.773835920177383
739788594,96,9.546961325966851
4871086301,307,30.5641592920354
3239911756,101,10.400457665903891
395807948,9,1.386986301369863
110228155,197,19.72191323692992
37709861,60,5.993340732519423
20371098,352,35.1219512195122
1299769598,225,22.55011135857461
780145890271125504,71,7.092119866814651
1014992874163855363,17,2.2109826589595376
869744326389022720,42,4.232922732362822
575747262,139,13.930957683741648
16564058,71,7.708082026537999
2571476275,191,23.29268292682927
3320554746,81,8.163493840985442
3410611093,59,6.145833333333334
136039846,108,10.836120401337793
279702159,2,0.3025210084033614
1012960157901340673,42,4.821428571428572
4031339052,27,3.029925187032419
2921468372,455,48.692033293697975
1015183683672829952,60,13.466334164588527
1330474488,157,15.948081264108351
321751047,100,10.440835266821345
855913386227486720,41,4.408602150537634
1013926610326650880,313,32.64194669756663
968078538178990080,7,0.8798882681564245
985604257901633536,378,38.31081081081081
1019951314288238593,347,34.89385474860335
3166768215,119,11.979865771812081
542359618,82,8.357870894677236
2904610216,208,22.180094786729857
1021097140012175361,17,3.430493273542601
795553194063564800,85,8.605174353205848
1159887932,22,2.26027397260274
358651820,13,1.387900355871886
2787104161,312,31.550561797752806
1021588003054137344,31,4.318885448916409
716031965611343872,3,0.32806804374240583
1856017856,70,7.1347678369195915
880235477839732736,44,4.536082474226805
13966982,222,22.653061224489793
555637171,32,3.257918552036199
350228706,11,1.1471610660486675
838462851643650048,36,3.6902050113895215
307616945,31,3.148984198645598
1205366102,83,9.907161803713528
2265810286,132,13.454133635334088
723542948676169729,146,14.965831435079725
352385481,33,3.4059633027522938
953830064021491713,73,7.612977983777521
2375003193,18,1.8367346938775508
1005693833261305856,39,4.52319587628866
2975340930,708,72.4914675767918
985444352339030017,82,8.541666666666668
2844080163,54,5.516458569807037
2572347861,22,2.3459715639810423
906844605957722112,14,1.5126050420168067
271599507,559,57.89413118527043
699677957959376897,23,3.094170403587444
994868355898269696,18,2.1599999999999997
100987643,10,1.0922330097087378
17327417,264,27.030716723549485
868830954533433344,5,0.6346967559943583
1019971857527685120,161,16.848837209302324
876553246248226816,35,3.8936959208899875
223081733,108,11.395076201641267
4416390078,86,8.886337543053962
1025237315130667008,35,3.7015276145710927
1022436491258150912,119,12.198177676537584
2433214891,32,3.291428571428572
3308628986,126,12.915717539863325
231156770,376,38.498293515358355
949148888627228672,31,4.208144796380091
24882969,116,11.877133105802047
978625122566250497,25,3.0201342281879193
963057301555949568,5,0.7234726688102894
401075161,11,1.1366245694603905
769385103633985536,25,2.952755905511811
788872820675805192,4,3.185840707964602
195246056,243,24.965753424657535
815749174847213568,10,1.3910355486862442
732793037886246912,327,33.557582668187
1012847489685188608,79,18.230769230769234
843019466,166,17.617924528301888
766301851176361984,33,3.490011750881316
1024913078050320384,152,16.132075471698112
20729774,10,1.0869565217391306
2587641541,44,4.788391777509069
3405911607,41,4.403341288782816
395337753,12,1.2646370023419204
3384066389,156,16.100917431192663
30995176,47,5.090252707581228
1008573686884884480,31,3.6328125
3095801076,221,23.372502937720327
553099530,104,10.845886442641946
929767550619213825,233,24.69964664310954
811929902924578816,121,12.589595375722544
340582241,396,41.10726643598616
1026886798822137856,71,7.473684210526316
27370107,265,27.38231917336395
1027795056428761088,7,0.8571428571428572
1006703442650390528,450,46.498277841561425
1023975411062067203,106,10.965517241379311
3914753795,9,3.0223880597014925
1012076399992213505,262,27.197231833910035
2360435373,337,34.90218642117377
1029128317088292864,127,13.168202764976959
2424365942,12,1.3757961783439492
24133451,59,6.124567474048443
630365267,45,4.692931633835458
152876179,26,3.436123348017621
2990610126,16,1.6981132075471697
305807349,48,4.994219653179191
941728044573589504,557,64.60051546391753
3861211634,87,9.2443919716647
264366740,61,6.711491442542788
273530476,174,18.083140877598154
25610841,42,4.4314185228604925
305037702,137,14.320557491289199
303343926,89,11.017881705639615
1027132011838889986,31,3.5182849936948295
955012636588068864,10,1.2517385257301807
356076533,264,27.854630715123093
2732877047,51,5.3125
291236199,535,56.18436406067678
4221723353,90,9.495896834701055
1030278840793280514,293,30.69848661233993
2726999140,138,14.375
1023706804818272256,69,12.545454545454545
329394867,102,10.762016412661195
1029038778609033216,56,7.753846153846154
25567061,1243,129.77958236658932
777693862487740416,33,3.949468085106383
1696943286,37,3.8766006984866124
61973136,72,7.864077669902913
953009786488057858,352,37.00934579439252
404564990,16,2.8125
717983948777721857,108,11.557669441141497
937882722760036352,158,16.573426573426573
934118311108988928,106,12.909336941813262
56432997,158,16.729411764705883
384534405,97,13.430769230769231
973952581604057088,45,4.7368421052631575
1421552508,420,44.21052631578947
426369164,27,2.959805115712546
1020400847841349632,11,1.4710252600297176
485478006,68,10.606585788561524
1689445586,100,10.638297872340425
1014249154514685955,67,7.6232616940581535
823691327825125376,40,4.3269230769230775
234183744,107,11.25
958218670416846848,825,86.84210526315789
388414991,27,3.172323759791123
463682019,52,5.480093676814988
4534516740,47,5.01779359430605
32497528,88,9.274004683840749
980871119573053442,155,16.431095406360424
42959748,280,29.85781990521327
582754541,27,3.068181818181818
913561454200094721,540,57.109283196239716
2208216158,77,8.289473684210526
963676505497841665,77,8.279569892473118
135474558,142,15.070754716981131
755580116860829696,155,16.392479435957696
336271751,364,38.54117647058823
93567801,62,6.627078384798099
1027062823510130688,96,10.176678445229681
402526659,35,4.6255506607929515
3218794920,16,2.060085836909871
1036796202896044032,401,42.71005917159763
700606732465106944,10,1.3953488372093024
968771628,346,36.67844522968198
729016518,171,18.387096774193548
2898004670,71,7.879161528976572
1023700957685854208,53,7.216338880484115
4547111935,206,21.914893617021274
548736823,754,80.02358490566037
1035032230714736640,44,4.686390532544379
46167791,1,1.0
951759839079759872,43,5.315934065934066
1010173058147991552,124,15.785007072135786
1037498479495598080,419,45.0
1022883424170852352,191,20.488676996424314
1466437609,53,5.795868772782503
1033912329212182528,70,7.544910179640718
14173015,25,2.67538644470868
725780791410737153,44,4.686390532544379
2728811578,228,29.78229317851959
1027042686874705921,60,8.626198083067093
997152130929577985,28,3.134328358208955
1039120661178998785,634,68.090692124105
3366400617,93,9.988066825775656
759480055936364544,44,4.974874371859296
2469019604,59,6.491442542787286
630719309,33,3.7311557788944723
871467776417959936,186,19.97613365155131
3988387276,21,2.4293059125964014
3311901404,74,8.26302729528536
883578924831318017,287,40.67716535433071
2173586012,78,8.367103694874851
701650239543975936,25,2.7141133896260556
521251403,64,7.529411764705882
578951600,331,36.06537530266344
1033469210717024260,32,4.3702579666160855
1731437587,219,23.633093525179856
51960241,18,2.066326530612245
73355957,267,28.744019138755977
124263510,15,1.6981132075471697
4817086948,345,37.23021582733813
775373945734176768,39,4.943661971830986
3916025958,167,18.284671532846716
1041347737923403777,3,2.621359223300971
187764386,14,1.8394160583941608
1009423158112342021,107,11.546762589928056
228203929,73,7.8871548619447776
923918467048206336,34,3.7824474660074165
305056580,1200,129.18660287081337
949787823435059202,332,36.04342581423402
310399129,407,43.86826347305389
111722357,139,15.01800720288115
313802934,2,0.3290676416819013
935987532935847936,146,16.363636363636363
989889607167815680,78,8.655980271270037
2458274629,7,0.8606557377049181
1040379187348090880,237,25.606242496998796
281224181,244,26.585956416464892
2899978899,185,20.012019230769234
3092233730,1026,110.85234093637455
2755079483,82,9.42528735632184
76384845,204,22.227602905569007
2154500717,67,7.613636363636363
914913261316968449,12,1.3043478260869565
839894070,28,3.0324909747292423
2369190480,86,9.543773119605426
949552674822852608,160,17.475728155339805
3142153745,190,20.627261761158024
133976541,244,26.585956416464892
2860481160,26,2.8501827040194887
1035521814640963584,220,25.25510204081633
839910792157933568,90,10.62992125984252
820756122,6,0.9872029250457038
964714850600366081,129,14.03869407496977
252431672,98,10.915841584158416
218607977,100,10.90909090909091
2824914184,9,1.7307692307692306
721455322489958400,177,19.28571428571429
20038083,43,4.685230024213076
972225512318947328,32,3.819628647214854
924820209546006529,35,4.4491525423728815
1037438163235549189,219,24.065934065934066
406892268,60,6.8181818181818175
372037266,80,8.83435582822086
348574188,189,20.668286755771568
3329789741,206,22.692778457772338
4927925285,104,11.386861313868614
737774601946714114,85,9.317904993909867
853372384836960256,215,26.255088195386705
172017241,156,17.059538274605103
1046540554790670336,63,8.957345971563981
1046027213374611456,153,17.23404255319149
172240451,296,32.567237163814184
1367096058,60,6.699751861042183
1950709728,81,10.110957004160888
954070851204378626,25,3.2798833819241984
867193374322737152,152,20.029282576866766
961049529679273984,36,15.211267605633802
801676134668730370,57,6.593830334190232
3038654780,219,24.886363636363633
48765734,198,21.75824175824176
553572710,158,17.642679900744415
1045794921402306565,253,40.660714285714285
893970281202462720,37,4.095940959409594
2835428078,22,2.4657534246575343
4845568615,58,6.492537313432836
1048786323774066688,194,21.476014760147603
959269116,52,5.749385749385749
2817382540,88,9.887640449438202
1040990119262478337,85,10.282258064516128
992222939104907264,42,4.864864864864865
2927749664,57,6.294478527607362
1038885994735562752,46,5.085995085995086
990648833100132352,1363,160.14360313315927
277183204,110,12.43718592964824
1648193976,69,10.762564991334488
1266005731,13,1.5435356200527703
628571175,88,9.850746268656716
83457004,154,17.281795511221944
3359226189,70,7.914572864321608
1047515410805866498,57,6.526717557251909
82209814,326,36.17755856966708
456993442,19,2.25
225302724,648,75.05791505791507
1050882705230127105,298,33.15203955500618
982422881157177344,352,39.30521091811414
23540236,162,18.044554455445546
547367712,55,6.149068322981367
167986888,12,1.4044213263979195
4741254622,37,4.12639405204461
788476161407918080,49,5.749674054758801
746680008165457920,22,2.531969309462916
754887483645722626,1215,135.5018587360595
927198659271430144,28,5.502183406113537
731997628637036544,109,12.465057179161374
766775375598845953,19,2.301480484522207
2781923903,247,27.614906832298136
1027835904596094976,12,2.076923076923077
893889200407273472,134,15.662337662337663
137178567,18,2.3275862068965516
925242499299385346,157,17.57462686567164
971251167048200193,14,2.485207100591716
578062603,50,7.8397212543554
1105847718,468,52.58426966292134
4430311420,456,51.17206982543641
425590530,13,1.477272727272727
1053598724667203584,61,6.879699248120301
1044316913256607744,38,8.201438848920862
1046380297535787008,41,7.123552123552123
18613636,24,3.7762237762237763
1469497842,68,7.786259541984734
1039358230835515392,65,17.256637168141594
42023686,172,19.545454545454543
994592429083971584,2,0.3536345776031434
2988867701,391,44.20854271356784
2511388321,234,26.457286432160803
4076292998,127,14.32330827067669
23690484,127,14.341279799247175
892552733148008449,275,31.289506953223764
3326460612,16,2.360655737704918
757935817,103,11.915167095115683
755739793800265728,85,9.598494353826851
807957491036385280,43,4.9488491048593355
3491730913,26,3.281907433380084
2320270178,60,7.077326343381389
31229872,11,1.3580246913580247
1033525135234363392,171,20.091383812010445
1056729889536118784,605,68.92405063291139
899085858,25,2.8994845360824746
84519707,4,0.509915014164306
826193008345260032,112,12.743362831858406
2504497440,134,15.421994884910488
4445307862,127,14.863459037711314
215395208,10,2.0408163265306123
568975445,57,6.568501920614597
957623264511107073,22,2.5647668393782386
485968944,350,39.9746192893401
892839787866062848,51,6.244897959183674
993098642742497280,64,7.328244274809161
1054718696285978624,49,5.7272727272727275
3621676883,38,4.334600760456273
586083806,40,4.768211920529801
86503842,600,68.44106463878326
1037700280635322370,62,7.153846153846154
152650164,225,25.829081632653065
1058334908555251713,152,19.854862119013063
1658704914,34,3.91304347826087
821788653865365505,975,111.49936467598476
947523887289589760,329,37.67175572519084
770251766696992769,48,6.136363636363637
5725722,22,2.531969309462916
953741001591525377,45,5.510204081632653
2337011862,723,82.99744897959184
1060180073192538112,65,7.8
732908479342579712,176,20.17834394904459
388370367,71,8.2987012987013
2951468307,21,2.4293059125964014
470169727,1562,179.31122448979593
32865149,77,8.839285714285715
800520136910245888,386,44.53846153846154
220763290,78,8.965517241379311
2189551524,220,26.018396846254927
3005574512,152,17.7431906614786
958708111,31,3.795918367346939
2842909732,200,23.07692307692308
24085769,93,10.87012987012987
2337538554,47,6.130434782608695
1061445654210338816,775,89.53786906290117
4894497017,76,8.837209302325581
1049674075390599169,195,22.73316062176166
270460099,176,20.33376123234917
2417228227,210,25.267379679144383
1061791490555297792,47,5.610079575596816
65743317,13,1.794478527607362
1496024508,82,9.485861182519281
934453745508868102,42,4.864864864864865
1024605988652019712,681,78.88030888030889
1049800354823467008,239,27.935064935064936
902601629823901696,190,23.651452282157678
155138868,154,17.860824742268044
1058386557823082497,27,3.306122448979592
50146614,10,1.4354066985645932
49811943,82,9.68503937007874
952582028456812545,270,31.764705882352942
112349014,9,1.6071428571428572
3239686851,260,30.350194552529185
394462027,106,12.60237780713342
46744794,46,5.383615084525358
100851722,32,3.8095238095238093
1306436648,100,11.688311688311689
95561534,126,14.823529411764707
1361140639,38,4.609164420485175
1058878610893754368,263,30.700389105058367
143104941,88,10.407358738501971
282472078,7,1.129032258064516
3103921050,51,5.968790637191158
1117266288,55,6.513157894736842
962874735255171072,28,3.913043478260869
996215822896025600,480,56.69291338582677
891156221004099584,127,14.8828125
2920515381,22,3.0793157076205286
1007630340,38,4.511873350923483
1066134535740354560,293,34.834874504623514
813172419410219009,71,8.385826771653543
1011138365138358273,198,23.233376792698827
1064749303028056064,38,4.763231197771588
1105428080,172,20.2088772845953
912834973400489984,28,3.631123919308357
727205743,38,4.523809523809524
759620031042826240,20,2.731411229135053
1062237180993658881,64,7.5689881734559785
2179849477,146,17.266754270696453
118754074,91,10.719895287958115
3273621097,146,18.074277854195323
1058775596124266498,3,0.7479224376731302
2415230906,15,2.3275862068965516
385395785,77,10.176211453744493
882191630,125,14.900662251655628
909422422725718016,319,37.62778505897772
2379738354,19,2.3949579831932772
717038554069733376,44,10.448548812664907
1067134986124431360,91,10.76215505913272
35012030,209,25.767123287671232
940472921893502976,429,50.73587385019711
236619797,74,8.763157894736842
403622519,95,11.324503311258278
547860021,9,1.07001321003963
840807914155720705,99,11.75461741424802
1051532021284175872,108,13.594405594405593
1002677643085479941,111,13.445491251682368
2921360403,18,2.1343873517786562
2790169850,96,12.169014084507042
448210373,54,7.03328509406657
940325530909294593,66,7.930574098798397
848883458428592129,25,3.0737704918032787
252424446,144,17.211155378486055
701789387,290,34.523809523809526
564646679,35,4.251012145748988
1069770397506289665,34,4.129554655870446
704144395298156545,273,32.8475935828877
1069735696850575360,81,9.630118890356671
2876721502,140,19.09090909090909
1297630314,191,23.19838056680162
4889949293,85,19.367088607594933
977279589666971648,64,7.6697736351531285
736937004122943488,45,5.532786885245902
1021260416133943296,18,11.48936170212766
96809795,795,95.52736982643523
241970866,45,5.656424581005586
1070791122694352896,152,18.612244897959187
1006850840856948736,22,2.773109243697479
196322372,47,5.850622406639004
2611847060,28,3.5948644793152638
910598137454219265,74,8.951612903225806
1029438251281600512,25,3.0695770804911326
1069056475077722113,46,11.219512195121952
106955230,8,1.1783960720130933
1014762181210935297,183,22.256756756756758
25056488,368,44.21895861148197
233464434,71,8.611859838274933
75233559,24,2.887700534759358
22190703,146,17.566844919786096
498032244,14,2.006369426751592
39631218,53,6.437246963562754
995009992603336705,121,14.696356275303645
2518988401,84,10.285714285714286
3091475111,63,7.651821862348179
883551045120516097,16,2.00836820083682
963284629615624192,449,54.24161073825503
1072186334280708096,7,0.8618331053351573
1469283037,59,7.607449856733524
50960380,107,13.916184971098266
718831474577956864,40,4.884667571234735
1051338273459560448,44,5.329744279946164
542261907,17,2.405660377358491
796121605,44,15.529411764705882
1067988211610185728,170,20.731707317073173
3731339067,6,0.7573632538569425
27446901,32,3.891891891891892
907101877896015872,212,26.72268907563025
4529967197,32,4.311377245508982
1074396649194221575,144,23.649635036496353
298895591,104,12.64864864864865
365842768,14,1.7923186344238977
757032505,50,6.559766763848397
208685959,247,30.040540540540544
854585284020850688,338,41.10810810810811
306430612,21,2.6582278481012658
1070039128132194304,107,13.137789904502048
963173094704734208,35,4.532374100719425
1011598351752720385,65,11.42578125
1023257798275162112,73,8.92663043478261
1072766769343868928,63,7.974683544303797
946728872036278273,23,3.035190615835777
3375367271,66,9.705882352941178
1042249269955227648,45,6.75
1071853301900156928,278,39.714285714285715
1002017773105577984,134,16.430517711171664
505527026,43,27.4468085106383
827508087619739648,12,1.6314199395770395
917062498192326656,98,12.387640449438202
1074630022751756288,328,40.38303693570452
17398855,86,10.573770491803279
1079157111190446082,213,26.66203059805285
768658770218156032,214,26.456043956043956
2179739177,7,0.9292035398230089
1052372060851318785,571,70.3972602739726
755168845283921920,121,14.897400820793434
1079997377807769600,778,96.18131868131869
1078929694144180225,98,13.04733727810651
908161626519388160,19,2.52212389380531
1076591745113174016,105,13.08864265927978
202951147,3687,456.4374140302614
2557244006,64,7.988904299583911
982512734,87,10.8298755186722
870953466369331200,135,16.735537190082646
2194330410,22,2.7272727272727275
371441977,61,7.582872928176796
34032363,51,6.529160739687056
929530212672462848,32,4.6677471636953
858744339014361088,1334,165.6
1042509987279454208,660,82.04419889502762
1079394910359347200,83,10.346260387811634
13375622,316,39.227586206896554
2642961058,68,8.52367688022284
3292079830,137,17.125
991350900009656321,10,1.4827018121911038
2351055100,65,8.102493074792244
1075987256240939008,10,2.0
995667282,165,20.653685674547983
855725839,96,12.083916083916083
1073862560464527360,52,6.490984743411928
2359787060,13,1.622746185852982
864246955022667777,244,30.41551246537396
903031482,11,1.5492957746478875
743424895560781829,26,3.347639484978541
316762601,203,25.51675977653631
4756335499,36,4.487534626038781
1477949059,12,1.5450643776824033
15636369,8,1.0650887573964498
731820168633044993,143,18.152327221438647
3146092059,245,30.58252427184466
2796268820,524,65.5
2282689873,73,9.163179916317992
3223579182,33,4.177215189873418
32551195,24,3.116883116883117
26921518,9,1.1473087818696885
181278883,128,16.044568245125348
1024278218180841472,92,11.532033426183844
1491962994,66,8.401697312588402
629745004,50,6.2761506276150625
3269154656,963,120.8786610878661
1076602169653002240,117,14.91501416430595
779291162964291585,18,2.4923076923076923
204317623,115,14.516129032258064
1083400424068132864,784,99.52045133991537
241843576,327,41.16083916083916
32635845,568,71.4965034965035
314891338,12,1.6167664670658681
14251629,71,9.154727793696274
2382682818,91,11.518987341772151
978332204609736705,1034,130.51893408134643
717148272972931072,107,13.544303797468354
733394979503005696,134,17.0098730606488
1069739154618155014,322,40.70224719101123
789573378013335554,85,10.774647887323944
279774646,20,6.474820143884892
364105553,68,8.656294200848656
925965617227710464,19,2.529585798816568
1203033714,108,13.885714285714286
1082126648051421186,191,24.279661016949152
1081938539879845888,49,6.327116212338594
4481531120,113,14.760522496371552
347571071,82,10.497866287339972
4857544703,21,2.7510917030567685
17421082,43,5.481586402266289
267723573,17,2.207792207792208
147028143,21,4.012738853503184
263330999,125,16.666666666666668
94401216,12,1.9320214669051878
968191168189100032,50,6.382978723404255
1083939622042959873,19,2.7491961414790995
32369005,14,2.02572347266881
985320403,17,2.300751879699248
1019958100424642560,165,21.06382978723404
1085842392752766976,77,10.405405405405405
1078792018417963008,25,3.48297213622291
801632583410917377,34,4.409221902017291
1169379164,322,49.285714285714285
1064151718240301057,22,4.049079754601227
846324313439551488,56,7.304347826086956
1041248045369909248,60,7.725321888412017
702059911,131,16.84285714285714
529568297,77,9.914163090128756
986032451746017282,163,21.605301914580266
1086124938107351040,20,3.991130820399113
22794400,363,46.939655172413794
24323669,49,6.543026706231454
19870596,20,2.5787965616045847
2740809111,142,18.30945558739255
40968432,19,2.4854651162790695
823971906353102848,51,6.5759312320916905
1091701939119841280,427,55.136298421807744
776532647875051520,155,20.014347202295554
334327826,71,12.780000000000001
1080239072927510528,269,42.92553191489362
3248303911,71,9.167862266857963
1004886831446413312,29,3.960546282245827
4754558112,29,3.788098693759071
974179492519337984,37,4.805194805194805
1017368518365507589,130,17.08029197080292
1079088844803399686,112,14.503597122302159
362855860,403,52.33766233766234
36118898,324,42.01729106628242
908035109047201792,61,8.459167950693374
456840664,95,12.355491329479769
1089976914528387072,337,44.277372262773724
1080050964109844480,90,11.705202312138727
936306577438642176,31,4.043478260869565
1092917456014843904,247,32.69117647058824
921570126645874689,129,17.098674521354933
832774096773459969,46,6.008708272859216
898329227623190528,23,3.204334365325077
992984756181663744,92,12.017416545718431
407333825,74,9.652173913043478
1058829245475143683,101,14.29245283018868
1054123858960113664,21,2.8
67875087,42,5.806451612903226
1041710673795833856,7,1.1559633027522935
807076050907721728,6,0.8925619834710744
2169211112,15,1.9765739385065886
1087797382476029952,4,0.7725321888412017
1068309310327963648,77,10.043478260869565
1038517554036322305,39,17.46268656716418
1069747548691316736,204,27.119645494830134
2223364794,88,11.478260869565217
1094716979167014912,14,14.0
769728642,45,6.716417910447761
2178799824,102,13.36244541484716
819628854335705088,110,14.452554744525548
996026156909391872,165,28.393881453154876
4847234517,71,9.410898379970545
66979514,2,0.72
28039174,103,14.10958904109589
37240157,259,34.02919708029197
864217725165604864,85,17.114093959731544
394627956,97,12.914201183431953
336820293,90,11.859443631039532
68886822,47,6.3040238450074515
1274149950,50,6.666666666666667
1083465456244191233,342,45.0
29530539,11,1.8299445471349354
276250362,12,1.6314199395770395
1060941252420612101,23,3.333333333333333
2178146601,58,7.699115044247788
14110743,20,2.7027027027027026
482236550,82,10.965824665676077
3013193563,7,0.9662576687116564
972570249919959040,362,47.841409691629956
3247945678,19,2.5522388059701493
1098072284181553152,26,4.126984126984127
1209620136,55,7.388059701492537
715968323738066944,33,4.479638009049774
982536319,143,18.954344624447717
1069937025430634497,200,30.560271646859086
37142894,14,1.8834080717488788
917356768140898304,47,6.578538102643857
917743930581700608,17,2.283582089552239
209328677,27,3.6762481089258703
1097364531787980800,41,5.548872180451127
16675448,122,16.636363636363637
102827137,215,28.794642857142858
78444285,82,11.513260530421217
1099403357540753408,81,13.651685393258427
1099102864981426178,724,96.67655786350149
1074128594660679685,45,6.0357675111773474
1079574379820929024,15,3.1322505800464038
20448508,37,5.162790697674418
157717105,473,63.63228699551569
1100410699489120256,73,9.805970149253731
206377381,77,10.358744394618833
459237624,20,2.6905829596412554
944338608546234368,24,5.118483412322274
309683158,36,5.0
18815266,11,1.7307692307692308
1591361816,38,5.757575757575758
52296514,78,10.733944954128441
260606499,22,3.2038834951456314
3239116978,138,18.592814371257486
718241348,28,4.097560975609756
40633435,16,2.7480916030534353
2828882407,49,6.743119266055046
232100978,200,27.19033232628399
968505617735344128,25,4.554655870445344
767489653,62,8.98550724637681
1099703971512532992,12,8.307692307692308
1085728527041863681,14,2.4371373307543522
588985167,386,52.00598802395209
750585319431471104,33,4.721780604133546
123161937,43,5.793413173652694
97999607,28,3.9069767441860463
852337421131948034,16,2.3263327948303716
886459664933703681,36,4.87218045112782
2780782955,706,128.6234817813765
904136030189744128,214,29.13767019667171
4900760715,33,4.655172413793104
1062228824,13,1.8425196850393701
582887424,45,6.173780487804878
1031300291235332097,50,6.870229007633588
3305225952,64,8.767123287671232
3171471906,6,0.9215017064846417
352222274,388,52.51127819548872
1080812259490832384,103,16.732851985559567
28579248,13,1.839622641509434
152989951,58,7.933130699088146
852641989065662466,32,4.337349397590361
25952278,77,10.744186046511627
4621392795,31,4.400630914826499
701551666,66,9.339622641509434
1704025158,10,1.4285714285714286
258637499,283,38.41628959276019
101155529,239,32.44343891402715
181572311,817,111.07250755287009
1038994977093611520,201,27.534246575342465
1867301857,19,4.2749999999999995
818444543595073538,116,15.79425113464448
782328790957588480,20,2.7820710973724885
906063916442284036,35,4.823889739663094
94438104,167,23.052147239263803
1104470283950456834,79,11.44927536231884
1104189120090378241,68,14.299065420560748
383669811,310,42.33687405159333
759924561626357760,93,12.916666666666666
1105631399778893825,202,36.432865731462925
31698536,128,17.534246575342465
1105954524202745863,490,67.12328767123287
48436817,40,5.669291338582678
36490085,223,30.501519756838906
4697260146,159,21.88073394495413
1021940140887822336,42,5.779816513761468
423025902,43,6.0374414976599065
1091960619740344320,205,28.16793893129771
234762661,110,15.301391035548686
4927487615,79,10.955315870570107
4894137509,44,6.523887973640857
817829660922810369,70,9.813084112149532
427021258,80,11.059907834101383
831418646,28,4.019138755980861
1059870907047596032,38,5.480769230769231
2763823014,60,8.256880733944953
1106218019074859008,616,85.03067484662577
796085537555759104,68,9.400921658986174
1108775847463452678,43,7.80241935483871
706513455327608834,137,19.32601880877743
1103455289515429888,255,35.581395348837205
158183799,8,1.2100840336134455
1109441400553136129,102,14.830371567043617
1104245183493885952,623,86.66151468315302
1104684963956436992,27,7.9411764705882355
2355664389,42,5.833333333333333
1106339739563642882,67,9.37791601866252
798573807464161280,54,7.665615141955836
1039160899683209217,22,3.6666666666666665
1094360218283229185,18,5.0
824622452877754368,87,12.428571428571429
1110657940585775104,481,67.22049689440993
703510362012966913,25,3.5771065182829886
1684632427,21,3.5064935064935066
822234801193308160,8,1.7307692307692308
3716905941,136,19.125
815066647,11,1.5566037735849056
37535160,252,37.549668874172184
1105284991775358976,35,5.04
36473556,84,11.794071762870516
1105529833658953731,177,24.85179407176287
750808666744512516,35,4.984177215189874
1078527453180674048,47,6.968698517298188
1081740511898148865,78,13.657587548638132
2524624077,20,3.4155597722960156
1111978607943913472,89,18.93617021276596
1074315310138908672,103,14.529780564263323
2469149491,8,1.2996389891696751
1052266727185272832,40,6.593406593406594
79000969,81,11.589825119236885
1079549277804920832,26,26.0
708134388416925696,65,9.345047923322683
1000103801041305601,62,8.759811616954474
65845690,19,2.7359999999999998
1105887964998053893,87,12.507987220447284
1112087253826846720,73,10.41204437400951
33416332,5,0.8152173913043478
392528285,13,2.0207253886010363
930224234089078784,111,15.806962025316455
1114108991624192000,253,36.028481012658226
1112603084801355776,93,13.5
951711005976903680,12,1.9081272084805654
857833892606353410,49,7.078651685393258
885133782352891904,43,6.142857142857143
1110690117432295424,148,22.089552238805968
2443865632,19,2.7491961414790995
779851200984416257,37,5.397082658022691
485216265,31,4.736842105263158
989976175878393856,137,20.55
1103459776854458368,32,5.925925925925926
1117487897610006533,251,36.20192307692307
993016543855312896,17,2.7717391304347823
1114922765130379265,82,13.641404805914972
1117228504519720961,711,146.43020594965677
1115902820203618304,133,19.526916802610113
1083562924340322304,14,2.0965058236272878
1018490428872675328,361,52.23472668810289
734251231678365698,12,2.5899280575539567
966033146905952257,38,5.681063122923588
1406394096,73,10.700325732899023
71162395,14,2.032258064516129
1018511101053448192,332,48.19354838709677
1103615752874151936,221,32.236628849270666
1084432263188746241,25,3.6407766990291264
1114920916285136897,8,1.3508442776735459
115703479,16,2.5396825396825395
1114272380338094080,39,14.210526315789474
1117223051085484032,17,2.5373134328358207
1117177983909937155,503,74.21311475409836
773920023404539904,167,25.091819699499165
1121532333000142849,487,71.38436482084691
735122430193111041,25,3.9893617021276597
1114247925930942464,480,70.47308319738988
1118810409375608832,69,10.11400651465798
240443314,142,20.814332247557005
874340522076381185,22,3.2459016393442623
1115598526992371712,68,10.183028286189684
1087122332341100544,32,4.88135593220339
1596272227,410,60.1957585644372
2590162042,252,37.18032786885246
984902278644731905,4,2.535211267605634
1058106914,678,99.70588235294117
34919908,23,3.4789915966386555
268062243,23,3.819188191881919
794680793612296192,47,7.0617696160267105
1123430149410697216,72,11.039182282793867
32678760,226,33.399014778325125
456097327,20,3.474903474903475
1107468081952182273,26,4.652087475149106
47910775,47,7.109243697478992
2303374578,67,9.901477832512315
3368729973,52,8.181818181818182
875166932630163456,252,37.30263157894737
861531223012720640,54,7.993421052631579
551056429,48,7.272727272727273
175070965,33,5.0
55033143,78,11.7
1126323963880202240,9,4.909090909090909
358668642,10,1.6574585635359116
1031906749832482816,44,6.863084922010398
1176003648,342,51.644295302013425
1083231360729247744,97,14.623115577889447
730529643464380417,13,2.526997840172786
1066770453044363264,114,17.59862778730703
1128478360483631106,263,39.915682967959526
813089362640601090,45,7.006920415224913
1086662618134265856,75,11.402027027027028
1089962924439994374,83,12.661016949152543
1130562247955234821,637,97.16949152542374
237459349,35,5.357142857142858
3090466207,12,1.875
1036430475735252993,13,2.241379310344828
174374538,9,1.4210526315789473
1110922510495899654,27,4.196891191709844
2874116625,96,14.744027303754267
1125003033312677889,18,3.838862559241706
1132704962419527680,17,6.047430830039526
954972540987846657,13,2.195121951219512
31274460,19,3.1608133086876156
4245248561,15,2.402135231316726
992528115757977600,6,1.4754098360655739
1059868818770743296,12,2.4657534246575343
957740631643820032,6,3.13953488372093
1131009856029241346,98,15.638297872340425
1098698435224584199,30,4.720279720279721
3268169658,17,3.893129770992367
1120806297149104129,360,56.15251299826689
1118554977956294656,51,10.154867256637168
783419852623052800,203,31.996497373029776
1019205855143694338,69,11.030195381882772
1128571301663322112,81,12.65625
189042047,6,1.4594594594594597
1099050395882577920,179,35.25164113785558
537597220,4,1.2040133779264213
1070251922437763073,56,9.455909943714822
2584852033,29,5.058139534883721
1135198829106606081,59,9.431616341030196
1097734992938049536,121,19.005235602094242
1127419258512773120,78,12.33743409490334
67139353,16,2.8857715430861726
1137793232522350592,45,7.105263157894737
2407364398,10,1.5789473684210527
1126103871472979968,59,9.833333333333334
730305834295644160,39,10.263157894736842
1067812306468380672,201,31.904761904761905
889343569407946752,27,4.386281588447654
762410598,59,9.398230088495575
1134749464302956544,60,9.557522123893806
1138900620319055873,694,110.35335689045937
4860432584,62,9.9288256227758
1130650888505155584,183,53.30097087378641
409749711,10,1.9189765458422174
509702959,18,3.632286995515695
1141121458938077184,202,35.57729941291585
2643959130,49,7.989130434782608
1094419522214350848,10,1.6885553470919323
1097840512822697984,83,18.628428927680797
2663096957,56,9.048473967684021
122057922,29,4.806629834254144
1123302269741563904,35,5.675675675675675
762846831474683905,24,4.32
1142913787420467208,19,4.14043583535109
1143428354051321858,243,39.47653429602888
1109453070071709696,80,13.953488372093023
1143561430093844480,18,8.140703517587939
41739345,31,5.091240875912409
84983139,78,12.78688524590164
294953168,39,6.5241635687732344
1145468723496660992,51,8.70967741935484
1582556936,120,20.26266416510319
553348032,120,20.0
62547514,16,2.829076620825147
1139371288261042176,6,1.978021978021978
930790902,76,12.666666666666666
1146251578145271808,165,28.891050583657588
1048280319193960448,1508,251.7996289424861
1109963903419801601,61,11.002004008016032
1146428706857992192,83,14.282982791587
67580515,46,7.680890538033395
884581972655394816,814,135.4158964879852
2989972833,2,0.8612440191387559
4903776658,35,7.464454976303317
881675294284886016,10,2.380952380952381
3161751084,11,2.0121951219512195
1135240217974194178,51,8.878143133462283
1095993761199415297,4,1.4173228346456692
1077287125077409793,88,14.915254237288135
1052506086270472194,17,2.9198473282442747
749767869613867012,12,2.0729366602687143
1074740419458666496,52,9.069767441860465
1131683792366776324,10,3.3834586466165413
1151182647709712384,89,15.403846153846153
50155785,24,4.137931034482759
1137652941685383168,109,26.090425531914892
1153249418419851264,162,28.421052631578945
627812342,32,5.506692160611855
1480062265,7,1.2524850894632207
1154314569445257218,137,23.53053435114504
1154180303583416320,152,26.20689655172414
1061298113384611840,29,5.067961165048543
4771728793,60,10.444874274661508
1149932383967350784,86,15.296442687747037
1069277375752531975,159,27.46641074856046
1130447772128350209,43,7.456647398843931
1046770439262019584,118,21.02970297029703
1040419257589411842,109,19.502982107355866
1155540886002044928,60,10.567514677103718
83345751,130,23.306772908366536
1146121499620839425,174,46.33136094674556
1114435299751419904,107,18.735408560311285
1146228472014155776,330,57.66990291262136
1156995774724608001,147,25.63953488372093
1157392062834069505,238,43.185483870967744
870597439,4,0.7017543859649122
1144246979234619394,43,17.916666666666668
1153152738609381376,204,35.650485436893206
1051241296797544449,41,7.306930693069307
1096345730267078656,241,43.293413173652695
1140530349685870592,200,35.08771929824561
1137134149439877120,45,8.282208588957054
1157372612655439879,157,27.8698224852071
2228385572,12,3.262839879154079
1158393961377148933,130,22.8515625
3096975145,37,6.55511811023622
1153695066369724417,121,21.31115459882583
738380224065196032,58,10.295857988165679
1079894358869053442,7,2.1140939597315436
1120838895439089664,42,7.397260273972602
1155281541049782274,152,27.089108910891092
1153505498097954818,279,50.119760479041915
28595341,36,6.75
1161447933675487232,167,29.88071570576541
1154541305634131969,232,41.34653465346535
1153041358329958400,46,9.387755102040815
1162120507594084353,1024,182.85714285714286
1029420694692671488,15,2.8125
1156954121200705536,8,1.4845360824742266
1159069907893596160,84,15.491803278688524
3192597413,33,6.149068322981367
925052232743116800,90,16.56441717791411
1156198410397130757,80,16.9811320754717
1079120981606703104,45,8.24847250509165
2994887507,61,12.797202797202797
1212601219,64,11.612903225806452
1468564261,218,63.49514563106796
1158431187280355329,59,12.673031026252982
776678310512164864,14,2.7450980392156863
1142683501604438016,173,31.646341463414632
802123015,7,1.4685314685314685
927551794334461957,27,4.979508196721311
844017144165621760,96,17.632653061224488
1142510877935112193,73,13.919491525423728
1942108482,402,75.84905660377359
1166534503600230402,17,17.0
1003788162764701697,39,7.237113402061855
1005312191040557056,46,8.48360655737705
799276352260153344,169,31.104294478527606
759676802,9,1.7494600431965441
1167017570349793280,8,1.509433962264151
2521829508,178,33.23651452282158
1162824364250632192,20,4.556962025316455
1154723068335366146,152,28.5
44396766,20,4.444444444444445
905309762958577664,18,3.5526315789473686
1169024276210626560,47,11.015625
828394578466242560,49,9.1875
998679134963462146,59,11.394849785407725
1098930363404042241,46,9.303370786516853
1170446384811716609,60,60.0
1142669412559753216,6,2.0
1161139184360468480,138,27.177242888402628
1125148563984527361,250,47.07112970711297
1163180342787878912,123,23.20754716981132
1171793473332109312,408,77.30526315789474
1167561170250797056,9,1.7197452229299364
1089286087292399616,13,2.8746928746928746
1168728938731859968,18,3.4394904458598727
3044305732,206,39.530916844349676
1161958869163229184,74,14.573304157549234
1172188065961586688,47,9.215686274509805
1409966714,28,5.350318471337579
1173151906820165632,113,23.985849056603772
1171993594984423424,43,9.57920792079208
1173058336360718337,78,15.462555066079295
1127822656181547008,523,102.54901960784315
1165707467793166336,13,2.629213483146067
1154114182633152512,71,14.295302013422818
1127610661230354432,123,23.704496788008566
770434693,21,6.948529411764706
1153995097869918208,117,25.682926829268293
396464315,30,7.605633802816901
1174500439255109634,314,60.905172413793096
1000964117551726592,145,28.43137254901961
1103158953171734528,152,31.020408163265305
960316851543838727,133,26.42384105960265
1177892389475831808,733,143.72549019607845
1176986175292264448,43,8.696629213483146
1093023289159622657,21,4.344827586206897
262930765,165,32.4945295404814
1167820244674580480,14,2.985781990521327
1175458872548610048,24,5.684210526315789
1179776444941131778,45,10.62992125984252
821567379650056193,52,11.555555555555555
1176145392582500355,29,5.891647855530474
1179737377738129408,171,55.16129032258064
18567416,120,24.545454545454543
1182138229006446595,448,90.0
1153887017173966848,26,5.379310344827586
1166890691231748096,86,17.875288683602772
1140330192470269953,203,40.964125560538115
1546367647,15,3.103448275862069
1182434207882272769,392,79.63882618510158
1032292462457323520,8,1.6326530612244896
837325544844853248,2,1.090909090909091
1035967358060384257,6,1.2529002320185616
1151262488920567808,15,3.268765133171913
1186276854661111808,127,26.27586206896552
1185369031416659969,137,28.344827586206897
1127294438835752960,94,20.83743842364532
844805878465232896,16,3.404255319148936
1170412786041667584,5,1.3595166163141994
1186952266235953152,69,14.821002386634843
3481786395,8,1.7999999999999998
1188742642747748352,95,20.503597122302157
7562042,143,30.71599045346062
1190237868007944193,47,11.685082872928177
159476313,81,17.152941176470588
1100540242983976960,96,20.473933649289098
773069778600677376,15,3.5620052770448547
1178612373461929985,30,7.105263157894736
1191801063705210880,602,129.61722488038276
1189552174843531265,105,23.275862068965516
3260462546,459,97.8909952606635
1191323827822878721,39,8.666666666666666
1190351869090111491,44,11.8562874251497
1191452175739736064,19,4.2749999999999995
1189872582838902785,134,28.71428571428571
2477608784,14,3.7837837837837838
1173926896171737088,23,5.280612244897959
1160489989026852865,39,8.976982097186701
1190506791970455552,295,63.21428571428571
2363341207,57,13.753351206434315
72499331,23,5.625
743350079457656832,65,14.028776978417264
1189300194975764480,227,49.5873786407767
53999115,17,3.677884615384616
1176220721699348482,47,10.654911838790932
730119347650318336,21,5.121951219512195
1126702238221492224,41,9.271356783919597
1175067488662503424,15,3.2926829268292686
938896181924474881,61,15.0
1195020686605135879,21,13.034482758620689
1069594050,113,25.746835443037973
836148244321304576,100,22.167487684729064
1187473636506124288,7,3.3157894736842106
1172932655442255872,259,57.41379310344828
1194437694451048449,42,18.173076923076923
1197254536345333763,133,30.227272727272723
2737505758,69,15.44776119402985
1192223772046176261,48,36.92307692307692
1147764857716006912,147,32.91044776119403
1131711334465376256,15,3.426395939086294
1199114976889360384,271,60.82294264339152
1199871332055339008,354,80.25188916876574
1094765800857194497,12,9.908256880733946
4864814308,9,2.3823529411764706
1175610075580370945,38,9.047619047619047
1183356302585749504,10,10.0
198199690,44,10.179948586118252
1194739123237609472,19,4.646739130434783
839484207797792769,15,3.4974093264248705
1203067660994527232,40,30.252100840336134
1203657755762077697,69,17.154696132596687
1203791906053902336,55,13.026315789473683
1167324897380429824,5,2.1844660194174756
4553487144,14,3.8297872340425534
1205886568965320707,121,40.78651685393258
986154248948756480,31,8.558282208588958
1207692794896273414,454,108.38196286472147
1206693677898305536,1142,276.2903225806451
1154065382933749765,40,9.94475138121547
1025370257521659904,17,4.26183844011142
437385419,73,18.25
395321304,75,18.646408839779006
1154537618018881536,33,8.761061946902656
1203824216296087552,95,23.170731707317074
1531920566,12,4.954128440366973
1210047202330107904,45,11.473087818696884
1207548827562958848,87,21.393442622950822
455317968,20,5.013927576601671
1127018315287793664,440,109.0909090909091
1092940843424600070,64,17.041420118343197
1208812177227993094,16,4.444444444444445
1154188914766176257,23,6.142433234421365
1207933337047666689,211,55.36443148688047
1213077878213996544,526,131.13573407202216
4826000999,75,19.565217391304348
1139434723946532864,13,3.391304347826087
1206346177211518977,107,27.994186046511626
1205637828299935746,61,16.099706744868037
1209715351375810561,21,5.943396226415095
1112905135821344768,5,5.0
3347606571,16,4.090909090909091
1161042963943907328,296,77.66763848396502
1204394450576822272,286,73.33333333333333
1075926800897855489,42,11.020408163265307
2703703875,48,12.134831460674157
1009425880668692480,150,38.57142857142857
831283852207341568,387,99.23076923076923
1045661697292218370,10,3.125
1217536821292302336,69,49.28571428571429
1206598313920872449,25,6.502890173410404
1217912159663017984,9,9.0
2369650259,5,1.6605166051660516
1210558314171502593,126,33.06122448979592
708469576007155716,27,7.9411764705882355
1218065194661957633,10,2.8938906752411575
97556114,4,1.2765957446808511
14568788,235,62.023460410557185
294487322,19,5.135135135135135
876574818220560385,39,10.8
1217002682692653056,65,17.56756756756757
1221681338148745216,452,121.07142857142857
1140585245416120320,34,10.479452054794521
1172353587529289728,151,40.32640949554896
1218403540785225728,51,15.249169435215947
1222893920473862146,61,16.339285714285715
1222040626042109952,53,14.454545454545455
935640655925334016,27,9.878048780487804
1223575997708210176,29,7.837837837837838
1223156155540803584,41,11.148036253776436
1195730506807152640,19,6.1732851985559565
1218251260199043072,26,7.3354231974921635
1215380089451548684,24,11.428571428571429
1186107575550566401,17,4.766355140186915
1203636299648978945,60,16.9811320754717
2837977666,44,12.298136645962732
883035456165867520,13,4.382022471910112
1176053639733022720,37,10.341614906832298
1224793339561750528,28,8.262295081967213
913544791257907201,30,8.517350157728707
1176018018201153536,12,3.6860068259385668
3013859849,23,6.5094339622641515
1219424036477919233,14,12.6
1191749641085145094,77,21.79245283018868
1223350536738689029,13,5.246636771300448
1229877455864946694,225,65.53398058252428
1231582591800745985,5,4.0540540540540535
1231571078570487809,258,74.66237942122186
1231869523906531330,106,31.485148514851485
1184268568432562176,58,17.28476821192053
1226620881935511553,137,81.65562913907284
1231711005522223105,229,68.7
1233958092942893057,458,135.14754098360655
1214170406061395968,57,17.21476510067114
1230199136340889606,78,23.016393442622952
1227339800606277637,20,6.642066420664206
1233720395779407873,154,54.35294117647059
1225103419389677568,136,40.52980132450331
1234905884955938824,631,187.4257425742574
1232053140771364864,128,39.724137931034484
759141089349697536,147,44.247491638795985
1233583462256431104,98,33.409090909090914
1211076195799842817,10,3.947368421052632
975365073765101569,43,14.124087591240876
1224361378552713216,33,30.61855670103093
903417997066248193,43,13.074324324324325
1237412359649574920,90,28.42105263157895
1237312873619001344,56,18.26086956521739
1223733092453580800,50,15.845070422535212
1238693419469455360,122,38.25783972125435
1239029308355514368,46,19.25581395348837
1238798560755408898,319,99.0
1239062439007670272,219,67.9655172413793
1202428471189921792,253,78.78892733564014
1239142224056717312,696,216.74740484429066
1231806676950405121,152,49.74545454545455
99845577,266,83.41463414634146
1240662514012000256,252,152.21476510067114
1241776005338943488,297,94.7872340425532
1125507152360030208,38,12.954545454545455
1238609292695134208,128,41.73913043478261
1245051856415408133,37,37.0
1212726629459316736,9,9.0
1214262561035571201,27,8.966789667896679
35600640,120,40.75471698113207
1241477558174191621,18,7.677725118483412
1231062983129927682,348,115.5719557195572
1055217730507456513,61,20.874524714828897
1219757513324630016,13,5.545023696682464
1242434281340878849,62,21.461538461538463
1243523447474384896,65,22.674418604651162
1246829323274895361,224,76.36363636363637
1199211956466372609,142,48.96551724137931
711373433406291969,215,72.74436090225564
592708478,179,60.79245283018867
1241489609248452608,90,30.681818181818183
1243639723303800837,23,8.023255813953488
1249210413327224837,74,37.84090909090909
1211063175069650944,23,8.313253012048193
945694889806848001,146,54.52282157676349
1249745767960653829,160,62.882096069869
1249235200636104707,220,75.86206896551724
999083260281049088,32,11.03448275862069
788812952467939328,17,5.884615384615385
1249327807123132422,219,75.8076923076923
1250361259809288192,858,308.88
705095242211524608,20,7.563025210084033
1244423758036811777,49,18.529411764705884
1225548684756168705,23,8.149606299212598
994707649668272128,186,65.13618677042801
1251218183723327488,159,58.647540983606554
1205970198957830144,35,14.0
1222604822794440704,19,16.93069306930693
850791615400525824,15,5.648535564853557
1244093284919603201,24,9.557522123893806
1250735595434868736,10,10.0
1252872659961933825,306,109.28571428571429
1227023206688731136,14,6.774193548387096
1245500808101273600,258,94.77551020408163
1214201374537158657,45,18.57798165137615
1250830178831515650,44,15.776892430278885
1234698633381056512,4,3.243243243243243
1245530019314589696,155,56.02409638554217
1254371161338757122,131,51.038961038961034
1253981710800359425,18,18.0
1250618176984866817,53,19.390243902439025
1254383871694647297,26,10.173913043478262
1255994124886511616,350,129.0983606557377
1150385687293616128,39,15.739910313901344
1256397008388194306,146,54.29752066115702
1240061779381633024,50,18.9873417721519
1064515114462638084,2,2.0
1212816991217569793,72,36.81818181818182
1257356373672763397,37,13.991596638655462
1247453425366978560,32,16.363636363636363
1256080699129544705,29,13.049999999999999
1247896497154215941,47,18.55263157894737
707365221229146112,59,22.40506329113924
1246589382129115136,11,5.025380710659898
1258160097559224323,191,75.39473684210526
1162836014437584896,45,18.32579185520362
1260253321945849857,133,95.76
1259693774604611589,36,14.464285714285714
1231124003085045760,18,7.641509433962264
1260688018714869760,16,16.0
1257132823389130753,34,14.232558139534884
1190943969674436609,32,12.8
711532134,15,6.0
2929649453,131,51.48471615720524
1261330682741231626,36,14.794520547945206
2880883521,39,15.462555066079295
1261691920084058116,434,181.67441860465118
1262094255616667651,16,8.044692737430168
1238085448867753990,4,1.7307692307692308
1262998934357716993,22,9.209302325581396
1238867904805945347,14,5.8604651162790695
1260243492682506240,109,45.627906976744185
1232102912769380353,187,77.91666666666667
217669434,26,11.142857142857142
1194650590996922368,50,21.12676056338028
1263751875712688131,12,6.390532544378698
1084174658839015424,296,122.76497695852535
1127602881518030855,39,16.325581395348838
2711614761,16,7.461139896373057
1251702112360099840,378,156.7741935483871
1263529518943424524,79,35.02463054187192
1261746828762103809,34,14.366197183098592
1171340127198539776,70,29.30232558139535
3439876276,74,32.33009708737864
1152206048,15,15.0
437025754,33,13.75
1201263283828928512,112,46.883720930232556
955866411468926976,13,5.939086294416243
1186860959001911296,499,209.85981308411215
3667181177,28,11.830985915492958
880811187713306626,7,3.4054054054054057
1266871140120748033,11,6.73469387755102
1200799939359580164,13,6.062176165803109
880499675622768641,5,4.545454545454545
173367742,4,1.7142857142857142
1140679538025861121,22,9.51923076923077
1267569659894738944,65,30.6282722513089
867639973956259840,91,40.949999999999996
1269222292955041792,100,45.91836734693878
1270454766515236882,179,78.58536585365854
1248367960835710976,34,15.073891625615763
1270051707947569155,209,92.20588235294117
1220641557528756224,27,16.2
2878721167,26,12.717391304347828
1192614623532503041,114,51.81818181818181
1189323715885989888,76,58.46153846153846
1257774983910232064,30,13.846153846153847
917437079310696448,60,29.347826086956523
1272610444805582850,142,65.53846153846155
1270451295183405057,85,47.8125
1274140132107403264,116,54.09326424870466
1271901775885451270,24,11.368421052631579
1125543919066992640,5,2.662721893491124
40831281,10,5.357142857142857
1186818592651796480,23,10.952380952380953
1245989176643850240,232,112.25806451612902
1272683074220888070,46,23.389830508474578
1277974095389315079,132,64.56521739130436
1278348917000847364,49,49.0
894240945226604544,26,13.146067415730336
1275502880565481472,62,31.52542372881356
3327232035,2,1.0227272727272727
1278737737617637380,35,18.313953488372093
789085686653521920,10,10.0
1242967401895006211,3,2.2131147540983607
1241714068861390849,126,64.8
1252605204052291585,158,79.44134078212291
1086348629655330818,12,6.8354430379746836
1278887060464717824,125,63.20224719101123
1248967612270329861,16,8.88888888888889
1280567135056662529,55,29.64071856287425
1279973552012353536,29,29.0
1171466207062458369,12,7.397260273972603
1281677171380101122,126,70.43478260869566
1281894704573890562,115,68.09210526315789
1120369909999865858,64,33.48837209302325
1282507623959420929,97,72.75
968320580,16,8.674698795180722
909438511543128064,112,59.64497041420118
1209425604795174912,112,59.64497041420118
1280916203066851329,88,47.71084337349397
1282132199387672576,67,35.89285714285714
1255409800927641601,18,9.818181818181818
1279277901440004099,103,57.9375
1280696527468539908,29,16.948051948051948
1594324339,31,17.4375
830202680207224832,3,2.6999999999999997
1287460438557560834,45,25.96153846153846
1083073675539173378,16,9.350649350649352
6378712,36,20.903225806451612
1288325417502375936,465,270.0
3993157036,4,2.88
1287115860260290560,181,105.77922077922078
1202156809286385664,8,7.82608695652174
1217597566998786051,50,50.0
1285394733058142209,5,5.0
4890404560,174,103.70860927152317
1165135039065186306,6,4.285714285714286
1290246621154942976,118,72.24489795918367
1229261740690608128,61,37.3469387755102
1145384486810640385,22,21.29032258064516
1289452899458674689,46,28.75
1275244822023061504,71,47.333333333333336
1291305801521549312,81,50.625
1278746864641286144,7,6.5625
1278595998181240832,13,13.0
1288864159283777537,27,18.40909090909091
1180931902179610630,34,33.62637362637363
800588096,10,7.03125
1153193930361434113,22,13.943661971830986
1279611957633409024,105,67.02127659574468
1290752966060912640,137,88.07142857142857
1293942750505828353,220,142.44604316546761
1255976829418115072,75,48.91304347826087
1292719807066861568,137,90.0
1296079321321410560,17,11.953125
1294597868880265221,26,17.862595419847327
1296365397139046401,21,15.491803278688524
2431212990,43,30.0
1292294474173947912,40,27.906976744186046
1298031172765720576,2,2.0
1291104920322609154,10,7.82608695652174
1262188304407113730,15,11.637931034482758
1299813377280217088,260,191.80327868852459
783569435063750656,163,121.23966942148759
1299065179024642048,13,9.669421487603305
1289896753546788864,26,21.08108108108108
1212111892895817738,216,163.36134453781514
412112702,13,10.636363636363635
1300216943782359042,24,19.115044247787612
1302507752271556608,18,15.14018691588785
1303653575701204992,47,39.90566037735849
22936293,2,2.0
1304608724728918017,7,5.833333333333334
1303237101438238720,37,31.41509433962264
1306935580714991616,32,32.0
1306751478472871936,20,20.0
1191674436526559233,3,3.0
1309403056761569280,17,15.9375
1301556831656046593,70,70.0
1308956023374270464,92,89.03225806451611
1311774890853380098,68,68.0
1312520636435136513,79,79.0
1314169703993049089,347,347.0
1267656565751902214,89,89.0
1185674848531570689,53,53.0
1119357581435138048,42,42.0
1075944583035445248,1,1.0
1318948699611987972,15,15.0
1318902829701058562,18,18.0
1318371917456441353,33,33.0
1313868869358952449,3,3.0
1249650669943955457,3,3.0
1314199396431536129,117,117.0
1319541853558132738,14,14.0
1318845052102193152,29,29.0
1287025006950703104,2,2.0
1313537720992641027,19,19.0
1319983668669124609,1,1.0
1317860380077510656,20,20.0
2522838235,5,5.0
1327476632039387137,36,36.0
1325981091358912512,7,7.0
1286149674555015168,8,8.0
746491377190506497,47,47.0
1308787900687945728,59,59.0
1318502870962991106,47,47.0
1108815261317107713,9,9.0
1331107090996240384,133,133.0
1333546829317738496,41,41.0
2889123468,22,22.0
1330216795911974912,17,17.0
1323237388211023872,6,6.0
1333502325017763842,16,16.0
1277026547564773376,8,8.0
1184684882204807168,10,10.0
1330694638747971587,13,13.0
1321064280754581506,11,11.0
2650378452,6,6.0
1339506489006972928,6,6.0
1528540831,12,12.0
